especie,ultimo,variacion,anterior,apertura,minimo,maximo,varMTD,varYTD,var6M,var12M,fecha,hora,cierre,timestamp,volumen
DOLAR MAYORISTA,41.25,,,41.25,41.25,41.25,,,,,2018-09-28,,41.25,1538103600,0
DOLAR MAYORISTA,39.6,,,39.6,39.6,39.6,,,,,2018-10-01,,39.6,1538362800,0
DOLAR MAYORISTA,38.1,,,38.1,38.1,38.1,,,,,2018-10-02,,38.1,1538449200,0
DOLAR MAYORISTA,37.69,,,37.69,37.69,37.69,,,,,2018-10-03,,37.69,1538535600,0
DOLAR MAYORISTA,38.3,,,38.3,38.3,38.3,,,,,2018-10-04,,38.3,1538622000,0
DOLAR MAYORISTA,37.84,,,37.84,37.84,37.84,,,,,2018-10-05,,37.84,1538708400,0
DOLAR MAYORISTA,37.42,,,37.42,37.42,37.42,,,,,2018-10-08,,37.42,1538967600,0
DOLAR MAYORISTA,37.12,,,37.12,37.12,37.12,,,,,2018-10-09,,37.12,1539054000,0
DOLAR MAYORISTA,37.25,,,37.25,37.25,37.25,,,,,2018-10-10,,37.25,1539140400,0
DOLAR MAYORISTA,36.57,,,36.57,36.57,36.57,,,,,2018-10-11,,36.57,1539226800,0
DOLAR MAYORISTA,36.75,,,36.75,36.75,36.75,,,,,2018-10-12,,36.75,1539313200,0
DOLAR MAYORISTA,36,,,36,36,36,,,,,2018-10-16,,36,1539658800,0
DOLAR MAYORISTA,36.18,,,36.18,36.18,36.18,,,,,2018-10-17,,36.18,1539745200,0
DOLAR MAYORISTA,36.65,,,36.65,36.65,36.65,,,,,2018-10-18,,36.65,1539831600,0
DOLAR MAYORISTA,36.54,,,36.54,36.54,36.54,,,,,2018-10-19,,36.54,1539918000,0
DOLAR MAYORISTA,36.46,,,36.46,36.46,36.46,,,,,2018-10-22,,36.46,1540177200,0
DOLAR MAYORISTA,36.59,,,36.59,36.59,36.59,,,,,2018-10-23,,36.59,1540263600,0
DOLAR MAYORISTA,37,,,37,37,37,,,,,2018-10-24,,37,1540350000,0
DOLAR MAYORISTA,36.79,,,36.79,36.79,36.79,,,,,2018-10-25,,36.79,1540436400,0
DOLAR MAYORISTA,36.84,,,36.84,36.84,36.84,,,,,2018-10-26,,36.84,1540522800,0
DOLAR MAYORISTA,36.9,,,36.9,36.9,36.9,,,,,2018-10-29,,36.9,1540782000,0
DOLAR MAYORISTA,36.71,,,36.71,36.71,36.71,,,,,2018-10-30,,36.71,1540868400,0
DOLAR MAYORISTA,35.95,,,35.95,35.95,35.95,,,,,2018-10-31,,35.95,1540954800,0
DOLAR MAYORISTA,35.67,0,0,35.67,35.67,35.67,,,,,2018-11-01,19:59,35.67,1541041200,0
DOLAR MAYORISTA,35.49,0,0,35.49,35.49,35.49,,,,,2018-11-02,19:59,35.49,1541127600,0
DOLAR MAYORISTA,35.65,0,0,35.65,35.65,35.65,,,,,2018-11-05,19:59,35.65,1541386800,0
DOLAR MAYORISTA,35.67,0,0,35.67,35.67,35.67,,,,,2018-11-07,19:59,35.67,1541559600,0
DOLAR MAYORISTA,35.5,0,0,35.5,35.5,35.5,,,,,2018-11-08,19:59,35.5,1541646000,0
DOLAR MAYORISTA,35.38,0,0,35.38,35.38,35.38,,,,,2018-11-09,19:59,35.38,1541732400,0
DOLAR MAYORISTA,35.52,0,0,35.52,35.52,35.52,,,,,2018-11-12,19:59,35.52,1541991600,0
DOLAR MAYORISTA,36.05,0,0,36.05,36.05,36.05,,,,,2018-11-13,19:59,36.05,1542078000,0
DOLAR MAYORISTA,35.9,0,0,35.9,35.9,35.9,,,,,2018-11-14,19:59,35.9,1542164400,0
DOLAR MAYORISTA,36.05,0,0,36.05,36.05,36.05,,,,,2018-11-15,19:59,36.05,1542250800,0
DOLAR MAYORISTA,35.93,0,0,35.93,35.93,35.93,,,,,2018-11-16,19:59,35.93,1542337200,0
DOLAR MAYORISTA,36.18,0,0,36.18,36.18,36.18,,,,,2018-11-20,19:59,36.18,1542682800,0
DOLAR MAYORISTA,36.255,0,0,36.255,36.255,36.255,,,,,2018-11-21,19:59,36.255,1542769200,0
DOLAR MAYORISTA,36.45,0,0,36.45,36.45,36.45,,,,,2018-11-22,19:59,36.45,1542855600,0
DOLAR MAYORISTA,37.5,0,0,37.5,37.5,37.5,,,,,2018-11-23,19:59,37.5,1542942000,0
DOLAR MAYORISTA,39.05,0,0,39.05,39.05,39.05,,,,,2018-11-26,19:59,39.05,1543201200,0
DOLAR MAYORISTA,38.55,0,0,38.55,38.55,38.55,,,,,2018-11-27,19:59,38.55,1543287600,0
DOLAR MAYORISTA,38.46,0,0,38.46,38.46,38.46,,,,,2018-11-28,19:59,38.46,1543374000,0
DOLAR MAYORISTA,37.72,0,0,37.72,37.72,37.72,,,,,2018-11-29,19:59,37.72,1543460400,0
DOLAR MAYORISTA,36.5,0,0,36.5,36.5,36.5,,,,,2018-12-03,19:59,36.5,1543806000,0
DOLAR MAYORISTA,37.4,0,0,37.4,37.4,37.4,,,,,2018-12-04,19:59,37.4,1543892400,0
DOLAR MAYORISTA,37.45,0,0,37.45,37.45,37.45,,,,,2018-12-05,19:59,37.45,1543978800,0
DOLAR MAYORISTA,37.7,0,0,37.7,37.7,37.7,,,,,2018-12-06,19:59,37.7,1544065200,0
DOLAR MAYORISTA,37.4,-0.8,37.7,37.4,37.4,37.4,,,,,2018-12-07,19:59,37.4,1544151600,0
DOLAR MAYORISTA,37.66,0.7,37.4,37.66,37.66,37.66,,,,,2018-12-10,19:59,37.66,1544410800,0
DOLAR MAYORISTA,37.8,0.4,37.66,37.8,37.8,37.8,,,,,2018-12-11,19:59,37.8,1544497200,0
DOLAR MAYORISTA,37.59,-0.6,37.8,37.59,37.59,37.59,,,,,2018-12-12,19:59,37.59,1544583600,0
DOLAR MAYORISTA,37.83,0.6,37.59,37.83,37.83,37.83,,,,,2018-12-13,19:59,37.83,1544670000,0
DOLAR MAYORISTA,38.073,0.6,37.83,38.073,38.073,38.073,,,,,2018-12-14,19:59,38.073,1544756400,0
DOLAR MAYORISTA,38.26,0.5,38.073,38.26,38.26,38.26,,,,,2018-12-17,19:59,38.26,1545015600,0
DOLAR MAYORISTA,38.26,0,38.26,38.26,38.26,38.26,,,,,2018-12-18,19:59,38.26,1545102000,0
DOLAR MAYORISTA,38.37,0.3,38.26,38.37,38.37,38.37,,,,,2018-12-19,19:59,38.37,1545188400,0
DOLAR MAYORISTA,38.05,-0.8,38.37,38.05,38.05,38.05,,,,,2018-12-20,19:59,38.05,1545274800,0
DOLAR MAYORISTA,37.975,-0.2,38.05,37.975,37.975,37.975,,,,,2018-12-21,19:59,37.975,1545361200,0
DOLAR MAYORISTA,38.6,1.6,37.975,38.6,38.6,38.6,,,,,2018-12-26,19:59,38.6,1545793200,0
DOLAR MAYORISTA,38.3,-0.8,38.6,38.3,38.3,38.3,,,,,2018-12-27,19:59,38.3,1545879600,0
DOLAR MAYORISTA,37.7,-1.6,38.3,37.7,37.7,37.7,,,,,2018-12-28,19:59,37.7,1545966000,0
DOLAR MAYORISTA,37.65,-0.1,37.7,37.65,37.65,37.65,,,,,2019-01-02,19:59,37.65,1546398000,0
DOLAR MAYORISTA,37.45,-0.5,37.65,37.45,37.45,37.45,,,,,2019-01-03,19:59,37.45,1546484400,0
DOLAR MAYORISTA,37.37,-0.2,37.45,37.37,37.37,37.37,,,,,2019-01-04,19:59,37.37,1546570800,0
DOLAR MAYORISTA,37.305,-0.2,37.37,37.305,37.305,37.305,,,,,2019-01-07,19:59,37.305,1546830000,0
DOLAR MAYORISTA,37.6,0.8,37.305,37.6,37.6,37.6,,,,,2019-01-08,19:59,37.6,1546916400,0
DOLAR MAYORISTA,37.37,-0.6,37.6,37.37,37.37,37.37,,,,,2019-01-09,19:59,37.37,1547002800,0
DOLAR MAYORISTA,37.08,-0.8,37.37,37.08,37.08,37.08,,,,,2019-01-10,19:59,37.08,1547089200,0
DOLAR MAYORISTA,36.9,-0.5,37.08,36.9,36.9,36.9,,,,,2019-01-11,19:59,36.9,1547175600,0
DOLAR MAYORISTA,37,0.3,36.9,37,37,37,,,,,2019-01-14,19:59,37,1547434800,0
DOLAR MAYORISTA,37.1,0.3,37,37.1,37.1,37.1,,,,,2019-01-15,19:59,37.1,1547521200,0
DOLAR MAYORISTA,37.5,1.1,37.1,37.5,37.5,37.5,,,,,2019-01-16,19:59,37.5,1547607600,0
DOLAR MAYORISTA,37.71,0.6,37.5,37.71,37.71,37.71,,,,,2019-01-17,19:59,37.71,1547694000,0
DOLAR MAYORISTA,37.58,-0.3,37.71,37.58,37.58,37.58,,,,,2019-01-18,19:59,37.58,1547780400,0
DOLAR MAYORISTA,37.69,0.3,37.58,37.69,37.69,37.69,,,,,2019-01-21,19:59,37.69,1548039600,0
DOLAR MAYORISTA,37.53,-0.4,37.69,37.53,37.53,37.53,,,,,2019-01-22,19:59,37.53,1548126000,0
DOLAR MAYORISTA,37.56,0.1,37.53,37.56,37.56,37.56,,,,,2019-01-23,19:59,37.56,1548212400,0
DOLAR MAYORISTA,37.4,-0.4,37.56,37.4,37.4,37.4,,,,,2019-01-24,19:59,37.4,1548298800,0
DOLAR MAYORISTA,37.03,-1,37.4,37.03,37.03,37.03,,,,,2019-01-25,19:59,37.03,1548385200,0
DOLAR MAYORISTA,37.15,0.3,37.03,37.15,37.15,37.15,,,,,2019-01-28,19:59,37.15,1548644400,0
DOLAR MAYORISTA,37.7,1.5,37.15,37.7,37.7,37.7,,,,,2019-01-29,19:59,37.7,1548730800,0
DOLAR MAYORISTA,37.51,-0.5,37.7,37.51,37.51,37.51,,,,,2019-01-30,19:59,37.51,1548817200,0
DOLAR MAYORISTA,37.35,-0.4,37.51,37.35,37.35,37.35,,,,,2019-01-31,19:59,37.35,1548903600,0
DOLAR MAYORISTA,37.17,-0.5,37.35,37.17,37.17,37.17,,,,,2019-02-01,19:59,37.17,1548990000,0
DOLAR MAYORISTA,37.19,0.1,37.17,37.19,37.19,37.19,,,,,2019-02-04,19:59,37.19,1549249200,0
DOLAR MAYORISTA,37.2,0,37.19,37.2,37.2,37.2,,,,,2019-02-05,19:59,37.2,1549335600,0
DOLAR MAYORISTA,37.52,0.9,37.2,37.52,37.52,37.52,,,,,2019-02-06,19:59,37.52,1549422000,0
DOLAR MAYORISTA,37.82,0.8,37.52,37.82,37.82,37.82,,,,,2019-02-07,19:59,37.82,1549508400,0
DOLAR MAYORISTA,37.85,0.1,37.82,37.85,37.85,37.85,,,,,2019-02-08,19:59,37.85,1549594800,0
DOLAR MAYORISTA,37.91,0.2,37.85,37.91,37.91,37.91,,,,,2019-02-11,19:59,37.91,1549854000,0
DOLAR MAYORISTA,37.99,0.2,37.91,37.99,37.99,37.99,,,,,2019-02-12,19:59,37.99,1549940400,0
DOLAR MAYORISTA,38.22,0.6,37.99,38.22,38.22,38.22,,,,,2019-02-13,19:59,38.22,1550026800,0
DOLAR MAYORISTA,38.22,0,38.22,38.22,38.22,38.22,,,,,2019-02-14,19:59,38.22,1550113200,0
DOLAR MAYORISTA,38.62,1,38.22,38.62,38.62,38.62,,,,,2019-02-15,19:59,38.62,1550199600,0
DOLAR MAYORISTA,38.74,0.3,38.62,38.74,38.74,38.74,,,,,2019-02-18,19:59,38.74,1550458800,0
DOLAR MAYORISTA,39.27,1.4,38.74,39.27,39.27,39.27,,,,,2019-02-19,19:59,39.27,1550545200,0
DOLAR MAYORISTA,39.67,1,39.27,39.67,39.67,39.67,,,,,2019-02-20,19:59,39.67,1550631600,0
DOLAR MAYORISTA,39.53,-0.4,39.67,39.53,39.53,39.53,,,,,2019-02-21,19:59,39.53,1550718000,0
DOLAR MAYORISTA,39.22,-0.8,39.53,39.22,39.22,39.22,,,,,2019-02-22,19:59,39.22,1550804400,0
DOLAR MAYORISTA,39.049,-0.4,39.22,39.049,39.049,39.049,,,,,2019-02-25,19:59,39.049,1551063600,0
DOLAR MAYORISTA,38.87,-0.5,39.049,38.87,38.87,38.87,,,,,2019-02-26,19:59,38.87,1551150000,0
DOLAR MAYORISTA,38.82,-0.1,38.87,38.82,38.82,38.82,,,,,2019-02-27,19:59,38.82,1551236400,0
DOLAR MAYORISTA,39.15,0.9,38.82,39.15,39.15,39.15,,,,,2019-02-28,19:59,39.15,1551322800,0
DOLAR MAYORISTA,39.81,1.7,39.15,39.81,39.81,39.81,,,,,2019-03-01,19:59,39.81,1551409200,0
DOLAR MAYORISTA,40.75,2.4,39.81,40.75,40.75,40.75,,,,,2019-03-06,19:59,40.75,1551841200,0
DOLAR MAYORISTA,42.5,4.3,40.75,42.5,42.5,42.5,,,,,2019-03-07,19:59,42.5,1551927600,0
DOLAR MAYORISTA,41.2,-3.1,42.5,41.2,41.2,41.2,,,,,2019-03-08,19:59,41.2,1552014000,0
DOLAR MAYORISTA,41.3,0.2,41.2,41.3,41.3,41.3,,,,,2019-03-11,19:59,41.3,1552273200,0
DOLAR MAYORISTA,41.53,0.6,41.3,41.53,41.53,41.53,,,,,2019-03-12,19:59,41.53,1552359600,0
DOLAR MAYORISTA,41.2,-0.8,41.53,41.2,41.2,41.2,,,,,2019-03-13,19:59,41.2,1552446000,0
DOLAR MAYORISTA,40.77,-1,41.2,40.77,40.77,40.77,,,,,2019-03-14,19:59,40.77,1552532400,0
DOLAR MAYORISTA,40,-1.9,40.77,40,40,40,,,,,2019-03-15,19:59,40,1552618800,0
DOLAR MAYORISTA,40.05,0.1,40,40.05,40.05,40.05,,,,,2019-03-18,19:59,40.05,1552878000,0
DOLAR MAYORISTA,40.5,1.1,40.05,40.5,40.5,40.5,,,,,2019-03-19,19:59,40.5,1552964400,0
DOLAR MAYORISTA,40.85,0.9,40.5,40.85,40.85,40.85,,,,,2019-03-20,19:59,40.85,1553050800,0
DOLAR MAYORISTA,41.075,0.6,40.85,41.075,41.075,41.075,,,,,2019-03-21,19:59,41.075,1553137200,0
DOLAR MAYORISTA,41.8,1.8,41.075,41.8,41.8,41.8,,,,,2019-03-22,19:59,41.8,1553223600,0
DOLAR MAYORISTA,42.08,0.7,41.8,42.08,42.08,42.08,,,,,2019-03-25,19:59,42.08,1553482800,0
DOLAR MAYORISTA,42.64,1.3,42.08,42.64,42.64,42.64,,,,,2019-03-26,19:59,42.64,1553569200,0
DOLAR MAYORISTA,43.87,2.9,42.64,43.87,43.87,43.87,,,,,2019-03-27,19:59,43.87,1553655600,0
DOLAR MAYORISTA,43.63,-0.5,43.87,43.63,43.63,43.63,,,,,2019-03-28,19:59,43.63,1553742000,0
DOLAR MAYORISTA,43.345,-0.6,43.63,43.345,43.345,43.345,,,,,2019-03-29,19:59,43.345,1553828400,0
DOLAR MAYORISTA,42.715,-1.4,43.345,42.715,42.715,42.715,,,,,2019-04-01,19:59,42.715,1554087600,0
DOLAR MAYORISTA,42.87,0.4,42.715,42.87,42.87,42.87,,,,,2019-04-03,19:59,42.87,1554260400,0
DOLAR MAYORISTA,43.41,1.3,42.87,43.41,43.41,43.41,,,,,2019-04-04,19:59,43.41,1554346800,0
DOLAR MAYORISTA,43.93,1.2,43.41,43.93,43.93,43.93,,,,,2019-04-05,19:59,43.93,1554433200,0
DOLAR MAYORISTA,43.65,-0.6,43.93,43.65,43.65,43.65,,,,,2019-04-08,19:59,43.65,1554692400,0
DOLAR MAYORISTA,43.35,-0.7,43.65,43.35,43.35,43.35,,,,,2019-04-09,19:59,43.35,1554778800,0
DOLAR MAYORISTA,43.01,-0.8,43.35,43.01,43.01,43.01,,,,,2019-04-10,19:59,43.01,1554865200,0
DOLAR MAYORISTA,42.75,-0.6,43.01,42.75,42.75,42.75,,,,,2019-04-11,19:59,42.75,1554951600,0
DOLAR MAYORISTA,42.18,-1.3,42.75,42.18,42.18,42.18,,,,,2019-04-12,19:59,42.18,1555038000,0
DOLAR MAYORISTA,41.62,-1.3,42.18,41.62,41.62,41.62,,,,,2019-04-15,19:59,41.62,1555297200,0
DOLAR MAYORISTA,42.39,1.9,41.62,42.39,42.39,42.39,,,,,2019-04-16,19:59,42.39,1555383600,0
DOLAR MAYORISTA,41.9,-1.2,42.39,41.9,41.9,41.9,,,,,2019-04-17,19:59,41.9,1555470000,0
DOLAR MAYORISTA,42.48,1.4,41.9,42.48,42.48,42.48,,,,,2019-04-22,19:59,42.48,1555902000,0
DOLAR MAYORISTA,42.4,-0.2,42.48,42.4,42.4,42.4,,,,,2019-04-23,19:59,42.4,1555988400,0
DOLAR MAYORISTA,43.95,3.7,42.4,43.95,43.95,43.95,,,,,2019-04-24,19:59,43.95,1556074800,0
DOLAR MAYORISTA,44.905,2.2,43.95,44.905,44.905,44.905,,,,,2019-04-25,19:59,44.905,1556161200,0
DOLAR MAYORISTA,45.97,2.4,44.905,45.97,45.97,45.97,,,,,2019-04-26,19:59,45.97,1556247600,0
DOLAR MAYORISTA,44.325,-3.6,45.97,44.325,44.325,44.325,,,,,2019-04-29,19:59,44.325,1556506800,0
DOLAR MAYORISTA,44.15,-0.4,44.325,44.15,44.15,44.15,,,,,2019-04-30,19:59,44.15,1556593200,0
DOLAR MAYORISTA,44.8,1.5,44.15,44.8,44.8,44.8,,,,,2019-05-02,19:59,44.8,1556766000,0
DOLAR MAYORISTA,44.5,-0.7,44.8,44.5,44.5,44.5,,,,,2019-05-03,19:59,44.5,1556852400,0
DOLAR MAYORISTA,44.65,0.3,44.5,44.65,44.65,44.65,,,,,2019-05-06,19:59,44.65,1557111600,0
DOLAR MAYORISTA,45.33,1.5,44.65,45.33,45.33,45.33,,,,,2019-05-07,19:59,45.33,1557198000,0
DOLAR MAYORISTA,45.1,-0.5,45.33,45.1,45.1,45.1,,,,,2019-05-08,19:59,45.1,1557284400,0
DOLAR MAYORISTA,45.25,0.3,45.1,45.25,45.25,45.25,,,,,2019-05-09,19:59,45.25,1557370800,0
DOLAR MAYORISTA,44.8,-1,45.25,44.8,44.8,44.8,,,,,2019-05-10,19:59,44.8,1557457200,0
DOLAR MAYORISTA,45.1,0.7,44.8,45.1,45.1,45.1,,,,,2019-05-13,19:59,45.1,1557716400,0
DOLAR MAYORISTA,44.97,-0.3,45.1,44.97,44.97,44.97,,,,,2019-05-14,19:59,44.97,1557802800,0
DOLAR MAYORISTA,45,0.1,44.97,45,45,45,,,,,2019-05-15,19:59,45,1557889200,0
DOLAR MAYORISTA,44.79,-0.5,45,44.79,44.79,44.79,,,,,2019-05-16,19:59,44.79,1557975600,0
DOLAR MAYORISTA,45,0.5,44.79,45,45,45,,,,,2019-05-17,19:59,45,1558062000,0
DOLAR MAYORISTA,45.19,0.4,45,45.19,45.19,45.19,,,,,2019-05-20,19:59,45.19,1558321200,0
DOLAR MAYORISTA,44.77,-0.9,45.19,44.77,44.77,44.77,,,,,2019-05-21,19:59,44.77,1558407600,0
DOLAR MAYORISTA,44.9,0.3,44.77,44.9,44.9,44.9,,,,,2019-05-22,19:59,44.9,1558494000,0
DOLAR MAYORISTA,45.09,0.4,44.9,45.09,45.09,45.09,,,,,2019-05-23,19:59,45.09,1558580400,0
DOLAR MAYORISTA,44.82,-0.6,45.09,44.82,44.82,44.82,,,,,2019-05-24,19:59,44.82,1558666800,0
DOLAR MAYORISTA,44.82,0,44.82,44.82,44.82,44.82,,,,,2019-05-27,19:59,44.82,1558926000,0
DOLAR MAYORISTA,44.67,-0.3,44.82,44.67,44.67,44.67,,,,,2019-05-28,19:59,44.67,1559012400,0
DOLAR MAYORISTA,44.45,-0.5,44.67,44.45,44.45,44.45,,,,,2019-05-29,19:59,44.45,1559098800,0
DOLAR MAYORISTA,44.55,0.2,44.45,44.55,44.55,44.55,,,,,2019-05-30,19:59,44.55,1559185200,0
DOLAR MAYORISTA,44.76,0.5,44.55,44.76,44.76,44.76,,,,,2019-05-31,19:59,44.76,1559271600,0
DOLAR MAYORISTA,44.87,0.2,44.76,44.87,44.87,44.87,,,,,2019-06-03,19:59,44.87,1559530800,0
DOLAR MAYORISTA,44.71,-0.4,44.87,44.71,44.71,44.71,,,,,2019-06-04,19:59,44.71,1559617200,0
DOLAR MAYORISTA,44.9,0.4,44.71,44.9,44.9,44.9,,,,,2019-06-05,19:59,44.9,1559703600,0
DOLAR MAYORISTA,44.93,0.1,44.9,44.93,44.93,44.93,,,,,2019-06-06,19:56,44.93,1559790000,0
DOLAR MAYORISTA,44.85,-0.2,44.93,44.85,44.85,44.85,,,,,2019-06-07,19:59,44.85,1559876400,0
DOLAR MAYORISTA,44.9,0.1,44.85,44.9,44.9,44.9,,,,,2019-06-10,19:59,44.9,1560135600,0
DOLAR MAYORISTA,44.7,-0.4,44.9,44.7,44.7,44.7,,,,,2019-06-11,19:59,44.7,1560222000,0
DOLAR MAYORISTA,43.67,-2.3,44.7,43.67,43.67,43.67,,,,,2019-06-12,19:59,43.67,1560308400,0
DOLAR MAYORISTA,43.37,-0.7,43.67,43.37,43.37,43.37,,,,,2019-06-13,19:59,43.37,1560394800,0
DOLAR MAYORISTA,43.97,1.4,43.37,43.97,43.97,43.97,,,,,2019-06-14,19:59,43.97,1560481200,0
DOLAR MAYORISTA,43.48,-1.1,43.97,43.48,43.48,43.48,,,,,2019-06-18,19:59,43.48,1560826800,0
DOLAR MAYORISTA,43.3,-0.4,43.48,43.3,43.3,43.3,,,,,2019-06-19,19:59,43.3,1560913200,0
DOLAR MAYORISTA,42.79,-1.2,43.3,42.79,42.79,42.79,,,,,2019-06-21,19:59,42.79,1561086000,0
DOLAR MAYORISTA,42.44,-0.8,42.79,42.44,42.44,42.44,,,,,2019-06-24,19:59,42.44,1561345200,0
DOLAR MAYORISTA,42.38,-0.1,42.44,42.38,42.38,42.38,,,,,2019-06-25,19:59,42.38,1561431600,0
DOLAR MAYORISTA,42.73,0.8,42.38,42.73,42.73,42.73,,,,,2019-06-26,19:59,42.73,1561518000,0
DOLAR MAYORISTA,42.7,-0.1,42.73,42.7,42.7,42.7,,,,,2019-06-27,19:59,42.7,1561604400,0
DOLAR MAYORISTA,42.45,-0.6,42.7,42.45,42.45,42.45,,,,,2019-06-28,19:59,42.45,1561690800,0
DOLAR MAYORISTA,42.37,-0.2,42.45,42.37,42.37,42.37,,,,,2019-07-01,19:59,42.37,1561950000,0
DOLAR MAYORISTA,42.2,-0.4,42.37,42.2,42.2,42.2,,,,,2019-07-02,19:59,42.2,1562036400,0
DOLAR MAYORISTA,42.03,-0.4,42.2,42.03,42.03,42.03,,,,,2019-07-03,19:59,42.03,1562122800,0
DOLAR MAYORISTA,41.81,-0.5,42.03,41.81,41.81,41.81,,,,,2019-07-04,19:59,41.81,1562209200,0
DOLAR MAYORISTA,41.85,0.1,41.81,41.85,41.85,41.85,,,,,2019-07-05,19:59,41.85,1562295600,0
DOLAR MAYORISTA,41.82,-0.1,41.85,41.82,41.82,41.82,,,,,2019-07-10,19:59,41.82,1562727600,0
DOLAR MAYORISTA,41.7,-0.3,41.82,41.7,41.7,41.7,,,,,2019-07-11,19:59,41.7,1562814000,0
DOLAR MAYORISTA,41.6,-0.2,41.7,41.6,41.6,41.6,,,,,2019-07-12,19:59,41.6,1562900400,0
DOLAR MAYORISTA,42.4,1.9,41.6,42.4,42.4,42.4,,,,,2019-07-15,19:59,42.4,1563159600,0
DOLAR MAYORISTA,42.661,0.6,42.4,42.661,42.661,42.661,,,,,2019-07-16,19:59,42.661,1563246000,0
DOLAR MAYORISTA,42.5,-0.4,42.661,42.5,42.5,42.5,,,,,2019-07-17,19:59,42.5,1563332400,0
DOLAR MAYORISTA,42.455,-0.1,42.5,42.455,42.455,42.455,,,,,2019-07-18,19:59,42.455,1563418800,0
DOLAR MAYORISTA,42.42,-0.1,42.455,42.42,42.42,42.42,,,,,2019-07-19,19:59,42.42,1563505200,0
DOLAR MAYORISTA,42.45,0.1,42.42,42.45,42.45,42.45,,,,,2019-07-22,19:59,42.45,1563764400,0
DOLAR MAYORISTA,42.66,0.5,42.45,42.66,42.66,42.66,,,,,2019-07-23,19:59,42.66,1563850800,0
DOLAR MAYORISTA,42.871,0.5,42.66,42.871,42.871,42.871,,,,,2019-07-24,19:59,42.871,1563937200,0
DOLAR MAYORISTA,43.37,1.2,42.871,43.37,43.37,43.37,,,,,2019-07-25,19:59,43.37,1564023600,0
DOLAR MAYORISTA,43.35,0,43.37,43.35,43.35,43.35,,,,,2019-07-26,19:59,43.35,1564110000,0
DOLAR MAYORISTA,43.83,1.1,43.35,43.83,43.83,43.83,,,,,2019-07-29,19:59,43.83,1564369200,0
DOLAR MAYORISTA,43.931,0.2,43.83,43.931,43.931,43.931,,,,,2019-07-30,19:59,43.931,1564455600,0
DOLAR MAYORISTA,43.87,-0.1,43.931,43.87,43.87,43.87,,,,,2019-07-31,19:59,43.87,1564542000,0
DOLAR MAYORISTA,44.36,1.1,43.87,44.36,44.36,44.36,,,,,2019-08-01,19:59,44.36,1564628400,0
DOLAR MAYORISTA,44.65,0.7,44.36,44.65,44.65,44.65,,,,,2019-08-02,19:59,44.65,1564714800,0
DOLAR MAYORISTA,45.49,1.9,44.65,45.49,45.49,45.49,,,,,2019-08-05,19:59,45.49,1564974000,0
DOLAR MAYORISTA,45.299,-0.4,45.49,45.299,45.299,45.299,,,,,2019-08-06,19:59,45.299,1565060400,0
DOLAR MAYORISTA,45.59,0.6,45.299,45.59,45.59,45.59,,,,,2019-08-07,19:59,45.59,1565146800,0
DOLAR MAYORISTA,45.22,-0.8,45.59,45.22,45.22,45.22,,,,,2019-08-08,19:59,45.22,1565233200,0
DOLAR MAYORISTA,45.25,0.1,45.22,45.25,45.25,45.25,,,,,2019-08-09,19:59,45.25,1565319600,0
DOLAR MAYORISTA,53.5,18.2,45.25,53.5,53.5,53.5,,,,,2019-08-12,19:59,53.5,1565578800,0
DOLAR MAYORISTA,55.8,4.3,53.5,55.8,55.8,55.8,,,,,2019-08-13,19:59,55.8,1565665200,0
DOLAR MAYORISTA,60.4,8.2,55.8,60.4,60.4,60.4,,,,,2019-08-14,19:59,60.4,1565751600,0
DOLAR MAYORISTA,57.25,-5.2,60.4,57.25,57.25,57.25,,,,,2019-08-15,19:59,57.25,1565838000,0
DOLAR MAYORISTA,55,-3.9,57.25,55,55,55,,,,,2019-08-16,19:59,55,1565924400,0
DOLAR MAYORISTA,54.75,-0.5,55,54.75,54.75,54.75,,,,,2019-08-20,19:59,54.75,1566270000,0
DOLAR MAYORISTA,55.02,0.5,54.75,55.02,55.02,55.02,,,,,2019-08-21,19:59,55.02,1566356400,0
DOLAR MAYORISTA,55.09,0.1,55.02,55.09,55.09,55.09,,,,,2019-08-22,19:59,55.09,1566442800,0
DOLAR MAYORISTA,55.15,0.1,55.09,55.15,55.15,55.15,,,,,2019-08-23,19:59,55.15,1566529200,0
DOLAR MAYORISTA,55.29,0.3,55.15,55.29,55.29,55.29,,,,,2019-08-26,19:59,55.29,1566788400,0
DOLAR MAYORISTA,56.3,1.8,55.29,56.3,56.3,56.3,,,,,2019-08-27,19:59,56.3,1566874800,0
DOLAR MAYORISTA,58.1,3.2,56.3,58.1,58.1,58.1,,,,,2019-08-28,19:59,58.1,1566961200,0
DOLAR MAYORISTA,57.9,-0.3,58.1,57.9,57.9,57.9,,,,,2019-08-29,19:59,57.9,1567047600,0
DOLAR MAYORISTA,59.51,2.8,57.9,59.51,59.51,59.51,,,,,2019-08-30,19:59,59.51,1567134000,0
DOLAR MAYORISTA,56.01,-5.9,59.51,56.01,56.01,56.01,,,,,2019-09-02,19:59,56.01,1567393200,0
DOLAR MAYORISTA,55.9,-0.2,56.01,55.9,55.9,55.9,,,,,2019-09-03,19:59,55.9,1567479600,0
DOLAR MAYORISTA,56,0.2,55.9,56,56,56,,,,,2019-09-04,19:59,56,1567566000,0
DOLAR MAYORISTA,56.01,0,56,56.01,56.01,56.01,,,,,2019-09-05,19:59,56.01,1567652400,0
DOLAR MAYORISTA,55.82,-0.3,56.01,55.82,55.82,55.82,,,,,2019-09-06,19:59,55.82,1567738800,0
DOLAR MAYORISTA,56.02,0.4,55.82,56.02,56.02,56.02,,,,,2019-09-09,19:59,56.02,1567998000,0
DOLAR MAYORISTA,56.01,0,56.02,56.01,56.01,56.01,,,,,2019-09-10,19:59,56.01,1568084400,0
DOLAR MAYORISTA,56.18,0.3,56.01,56.18,56.18,56.18,,,,,2019-09-11,19:59,56.18,1568170800,0
DOLAR MAYORISTA,56.12,-0.1,56.18,56.12,56.12,56.12,,,,,2019-09-12,19:59,56.12,1568257200,0
DOLAR MAYORISTA,56.11,0,56.12,56.11,56.11,56.11,,,,,2019-09-13,19:59,56.11,1568343600,0
DOLAR MAYORISTA,56.28,0.3,56.11,56.28,56.28,56.28,,,,,2019-09-16,19:59,56.28,1568602800,0
DOLAR MAYORISTA,56.51,0.4,56.28,56.51,56.51,56.51,,,,,2019-09-17,19:59,56.51,1568689200,0
DOLAR MAYORISTA,56.52,0,56.51,56.52,56.52,56.52,,,,,2019-09-18,19:59,56.52,1568775600,0
DOLAR MAYORISTA,56.57,0.1,56.52,56.57,56.57,56.57,,,,,2019-09-19,19:59,56.57,1568862000,0
DOLAR MAYORISTA,56.67,0.2,56.57,56.67,56.67,56.67,,,,,2019-09-20,19:59,56.67,1568948400,0
DOLAR MAYORISTA,56.921,0.4,56.67,56.921,56.921,56.921,,,,,2019-09-23,19:59,56.921,1569207600,0
DOLAR MAYORISTA,56.87,-0.1,56.921,56.87,56.87,56.87,,,,,2019-09-24,19:59,56.87,1569294000,0
DOLAR MAYORISTA,57.04,0.3,56.87,57.04,57.04,57.04,,,,,2019-09-25,17:59,57.04,1569380400,0
DOLAR MAYORISTA,57.21,0.3,57.04,57.21,57.21,57.21,,,,,2019-09-26,19:59,57.21,1569466800,0
DOLAR MAYORISTA,57.32,0.2,57.21,57.32,57.32,57.32,,,,,2019-09-27,19:59,57.32,1569553200,0
DOLAR MAYORISTA,57.595,0.5,57.32,57.595,57.595,57.595,,,,,2019-09-30,19:59,57.595,1569812400,0
DOLAR MAYORISTA,57.64,0.1,57.595,57.64,57.64,57.64,,,,,2019-10-01,19:59,57.64,1569898800,0
DOLAR MAYORISTA,57.82,0.3,57.64,57.82,57.82,57.82,,,,,2019-10-02,19:59,57.82,1569985200,0
DOLAR MAYORISTA,57.735,-0.1,57.82,57.735,57.735,57.735,,,,,2019-10-03,19:59,57.735,1570071600,0
DOLAR MAYORISTA,57.73,0,57.735,57.73,57.73,57.73,,,,,2019-10-04,19:59,57.73,1570158000,0
DOLAR MAYORISTA,57.84,0.2,57.73,57.84,57.84,57.84,,,,,2019-10-07,19:59,57.84,1570417200,0
DOLAR MAYORISTA,57.85,0,57.84,57.85,57.85,57.85,,,,,2019-10-08,19:59,57.85,1570503600,0
DOLAR MAYORISTA,57.99,0.2,57.85,57.99,57.99,57.99,,,,,2019-10-09,19:59,57.99,1570590000,0
DOLAR MAYORISTA,57.985,0,57.99,57.985,57.985,57.985,,,,,2019-10-10,19:59,57.985,1570676400,0
DOLAR MAYORISTA,58.05,0.1,57.985,58.05,58.05,58.05,,,,,2019-10-11,19:59,58.05,1570762800,0
DOLAR MAYORISTA,58.27,0.4,58.05,58.27,58.27,58.27,,,,,2019-10-15,19:59,58.27,1571108400,0
DOLAR MAYORISTA,58.348,0.1,58.27,58.348,58.348,58.348,,,,,2019-10-16,19:59,58.348,1571194800,0
DOLAR MAYORISTA,58.319,0,58.348,58.319,58.319,58.319,,,,,2019-10-17,19:59,58.319,1571281200,0
DOLAR MAYORISTA,58.35,0.1,58.319,58.35,58.35,58.35,,,,,2019-10-18,19:59,58.35,1571367600,0
DOLAR MAYORISTA,58.51,0.3,58.35,58.51,58.51,58.51,,,,,2019-10-21,19:59,58.51,1571626800,0
DOLAR MAYORISTA,58.65,0.2,58.51,58.65,58.65,58.65,,,,,2019-10-22,19:59,58.65,1571713200,0
DOLAR MAYORISTA,59,0.6,58.65,59,59,59,,,,,2019-10-23,19:59,59,1571799600,0
DOLAR MAYORISTA,59.45,0.8,59,59.45,59.45,59.45,,,,,2019-10-24,19:59,59.45,1571886000,0
DOLAR MAYORISTA,59.99,0.9,59.45,59.99,59.99,59.99,,,,,2019-10-25,19:59,59.99,1571972400,0
DOLAR MAYORISTA,59.5,-0.8,59.99,59.5,59.5,59.5,,,,,2019-10-28,17:00,59.5,1572231600,0
DOLAR MAYORISTA,59.47,-0.1,59.5,59.47,59.47,59.47,,,,,2019-10-29,19:59,59.47,1572318000,0
DOLAR MAYORISTA,59.72,0.4,59.47,59.72,59.72,59.72,,,,,2019-10-30,19:59,59.72,1572404400,0
DOLAR MAYORISTA,59.67,-0.1,59.72,59.67,59.67,59.67,,,,,2019-10-31,19:59,59.67,1572490800,0
DOLAR MAYORISTA,59.75,0.1,59.67,59.75,59.75,59.75,,,,,2019-11-01,19:59,59.75,1572577200,0
DOLAR MAYORISTA,59.7,-0.1,59.75,59.7,59.7,59.7,,,,,2019-11-04,19:59,59.7,1572836400,0
DOLAR MAYORISTA,59.65,-0.1,59.7,59.65,59.65,59.65,,,,,2019-11-05,19:59,59.65,1572922800,0
DOLAR MAYORISTA,59.6,-0.1,59.65,59.6,59.6,59.6,,,,,2019-11-07,19:59,59.6,1573095600,0
DOLAR MAYORISTA,59.504,-0.2,59.6,59.504,59.504,59.504,,,,,2019-11-08,19:59,59.504,1573182000,0
DOLAR MAYORISTA,59.84,0.6,59.504,59.84,59.84,59.84,,,,,2019-11-11,19:59,59.84,1573441200,0
DOLAR MAYORISTA,59.7,-0.2,59.84,59.7,59.7,59.7,,,,,2019-11-12,19:59,59.7,1573527600,0
DOLAR MAYORISTA,59.72,0,59.7,59.72,59.72,59.72,,,,,2019-11-13,19:59,59.72,1573614000,0
DOLAR MAYORISTA,59.72,0,59.72,59.72,59.72,59.72,,,,,2019-11-14,19:59,59.72,1573700400,0
DOLAR MAYORISTA,59.67,-0.1,59.72,59.67,59.67,59.67,,,,,2019-11-15,19:59,59.67,1573786800,0
DOLAR MAYORISTA,59.69,0,59.67,59.69,59.69,59.69,,,,,2019-11-19,19:59,59.69,1574132400,0
DOLAR MAYORISTA,59.73,0.1,59.69,59.73,59.73,59.73,,,,,2019-11-20,19:59,59.73,1574218800,0
DOLAR MAYORISTA,59.8,0.1,59.73,59.8,59.8,59.8,,,,,2019-11-21,19:59,59.8,1574305200,0
DOLAR MAYORISTA,59.77,-0.1,59.8,59.77,59.77,59.77,,,,,2019-11-22,19:59,59.77,1574391600,0
DOLAR MAYORISTA,59.71,-0.1,59.77,59.71,59.71,59.71,,,,,2019-11-25,19:59,59.71,1574650800,0
DOLAR MAYORISTA,59.94,0.4,59.71,59.94,59.94,59.94,,,,,2019-11-26,19:59,59.94,1574737200,0
DOLAR MAYORISTA,59.77,-0.3,59.94,59.77,59.77,59.77,,,,,2019-11-27,19:59,59.77,1574823600,0
DOLAR MAYORISTA,59.735,-0.1,59.77,59.735,59.735,59.735,,,,,2019-11-28,19:59,59.735,1574910000,0
DOLAR MAYORISTA,59.94,0.3,59.735,59.94,59.94,59.94,,,,,2019-11-29,19:59,59.94,1574996400,0
DOLAR MAYORISTA,59.975,0.1,59.94,59.975,59.975,59.975,,,,,2019-12-02,19:59,59.975,1575255600,0
DOLAR MAYORISTA,59.925,-0.1,59.975,59.925,59.925,59.925,,,,,2019-12-03,19:59,59.925,1575342000,0
DOLAR MAYORISTA,59.88,-0.1,59.925,59.88,59.88,59.88,,,,,2019-12-04,19:59,59.88,1575428400,0
DOLAR MAYORISTA,59.985,0.2,59.88,59.985,59.985,59.985,,,,,2019-12-05,19:59,59.985,1575514800,0
DOLAR MAYORISTA,59.94,-0.1,59.985,59.94,59.94,59.94,,,,,2019-12-06,19:59,59.94,1575601200,0
DOLAR MAYORISTA,59.945,0,59.94,59.945,59.945,59.945,,,,,2019-12-09,19:59,59.945,1575860400,0
DOLAR MAYORISTA,59.85,-0.2,59.945,59.85,59.85,59.85,,,,,2019-12-10,19:59,59.85,1575946800,0
DOLAR MAYORISTA,59.815,-0.1,59.85,59.815,59.815,59.815,,,,,2019-12-11,19:59,59.815,1576033200,0
DOLAR MAYORISTA,59.815,0,59.815,59.815,59.815,59.815,,,,,2019-12-12,19:59,59.815,1576119600,0
DOLAR MAYORISTA,59.816,0,59.815,59.816,59.816,59.816,,,,,2019-12-13,19:59,59.816,1576206000,0
DOLAR MAYORISTA,59.815,0,59.816,59.815,59.815,59.815,,,,,2019-12-16,19:59,59.815,1576465200,0
DOLAR MAYORISTA,59.815,0,59.815,59.815,59.815,59.815,,,,,2019-12-17,19:59,59.815,1576551600,0
DOLAR MAYORISTA,59.815,0,59.815,59.815,59.815,59.815,,,,,2019-12-18,19:59,59.815,1576638000,0
DOLAR MAYORISTA,59.815,0,59.815,59.815,59.815,59.815,,,,,2019-12-19,19:59,59.815,1576724400,0
DOLAR MAYORISTA,59.815,0,59.815,59.815,59.815,59.815,,,,,2019-12-20,19:59,59.815,1576810800,0
DOLAR MAYORISTA,59.86,-0.1,59.815,59.86,59.86,59.86,,,,,2019-12-23,19:59,59.86,1577070000,0
DOLAR MAYORISTA,59.92,0.1,59.86,59.92,59.92,59.92,,,,,2019-12-26,19:59,59.92,1577329200,0
DOLAR MAYORISTA,59.89,-0.1,59.92,59.89,59.89,59.89,,,,,2019-12-27,19:59,59.89,1577415600,0
DOLAR MAYORISTA,59.9,0,59.89,59.9,59.9,59.9,,,,,2019-12-30,19:59,59.9,1577674800,0
DOLAR MAYORISTA,59.85,-0.1,59.9,59.85,59.85,59.85,,,,,2020-01-02,19:59,59.85,1577934000,0
DOLAR MAYORISTA,59.83,0,59.85,59.83,59.83,59.83,,,,,2020-01-03,19:59,59.83,1578020400,0
DOLAR MAYORISTA,59.82,0,59.83,59.82,59.82,59.82,,,,,2020-01-06,19:59,59.82,1578279600,0
DOLAR MAYORISTA,59.82,0,59.82,59.82,59.82,59.82,,,,,2020-01-07,19:59,59.82,1578366000,0
DOLAR MAYORISTA,59.82,0,59.82,59.82,59.82,59.82,,,,,2020-01-08,19:59,59.82,1578452400,0
DOLAR MAYORISTA,59.82,0,59.82,59.82,59.82,59.82,,,,,2020-01-09,19:59,59.82,1578538800,0
DOLAR MAYORISTA,59.82,0,59.82,59.82,59.82,59.82,,,,,2020-01-10,19:59,59.82,1578625200,0
DOLAR MAYORISTA,59.95,0.2,59.82,59.95,59.95,59.95,,,,,2020-01-13,17:52,59.95,1578884400,0
DOLAR MAYORISTA,60.06,0.2,59.95,60.06,60.06,60.06,,,,,2020-01-14,19:59,60.06,1578970800,0
DOLAR MAYORISTA,59.95,-0.2,60.06,59.95,59.95,59.95,,,,,2020-01-15,19:59,59.95,1579057200,0
DOLAR MAYORISTA,59.975,0.1,59.95,59.975,59.975,59.975,,,,,2020-01-16,19:59,59.975,1579143600,0
DOLAR MAYORISTA,60.005,0.1,59.975,60.005,60.005,60.005,,,,,2020-01-17,19:59,60.005,1579230000,0
DOLAR MAYORISTA,60.1,0.2,60.005,60.1,60.1,60.1,,,,,2020-01-21,19:59,60.1,1579575600,0
DOLAR MAYORISTA,60.07,0,60.1,60.07,60.07,60.07,,,,,2020-01-22,19:59,60.07,1579662000,0
DOLAR MAYORISTA,60.08,0,60.07,60.08,60.08,60.08,,,,,2020-01-23,19:59,60.08,1579748400,0
DOLAR MAYORISTA,60.091,0,60.08,60.091,60.091,60.091,,,,,2020-01-24,19:59,60.091,1579834800,0
DOLAR MAYORISTA,60.17,0.1,60.091,60.17,60.17,60.17,,,,,2020-01-27,19:59,60.17,1580094000,0
DOLAR MAYORISTA,60.18,0,60.17,60.18,60.18,60.18,,,,,2020-01-28,19:59,60.18,1580180400,0
DOLAR MAYORISTA,60.23,0.1,60.18,60.23,60.23,60.23,,,,,2020-01-29,19:59,60.23,1580266800,0
DOLAR MAYORISTA,60.25,0,60.23,60.25,60.25,60.25,,,,,2020-01-30,19:59,60.25,1580353200,0
DOLAR MAYORISTA,60.35,0.2,60.25,60.35,60.35,60.35,,,,,2020-01-31,19:59,60.35,1580439600,0
DOLAR MAYORISTA,60.46,0.2,60.35,60.46,60.46,60.46,,,,,2020-02-03,19:59,60.46,1580698800,0
DOLAR MAYORISTA,60.58,0.2,60.46,60.58,60.58,60.58,,,,,2020-02-04,19:59,60.58,1580785200,0
DOLAR MAYORISTA,60.59,0,60.58,60.59,60.59,60.59,,,,,2020-02-05,19:59,60.59,1580871600,0
DOLAR MAYORISTA,60.69,0.2,60.59,60.69,60.69,60.69,,,,,2020-02-06,19:59,60.69,1580958000,0
DOLAR MAYORISTA,60.78,0.1,60.69,60.78,60.78,60.78,,,,,2020-02-07,19:59,60.78,1581044400,0
DOLAR MAYORISTA,60.978,0.3,60.78,60.978,60.978,60.978,,,,,2020-02-10,19:59,60.978,1581303600,0
DOLAR MAYORISTA,61.119,0.2,60.978,61.119,61.119,61.119,,,,,2020-02-11,19:59,61.119,1581390000,0
DOLAR MAYORISTA,61.229,0.2,61.119,61.229,61.229,61.229,,,,,2020-02-12,19:59,61.229,1581476400,0
DOLAR MAYORISTA,61.389,0.3,61.229,61.389,61.389,61.389,,,,,2020-02-13,19:59,61.389,1581562800,0
DOLAR MAYORISTA,61.459,0.1,61.389,61.459,61.459,61.459,,,,,2020-02-14,19:59,61.459,1581649200,0
DOLAR MAYORISTA,61.662,0.3,61.459,61.662,61.662,61.662,,,,,2020-02-18,19:59,61.662,1581994800,0
DOLAR MAYORISTA,61.729,0.1,61.662,61.729,61.729,61.729,,,,,2020-02-19,19:59,61.729,1582081200,0
DOLAR MAYORISTA,61.789,0.1,61.729,61.789,61.789,61.789,,,,,2020-02-20,19:59,61.789,1582167600,0
DOLAR MAYORISTA,61.839,0.1,61.789,61.839,61.839,61.839,,,,,2020-02-21,19:59,61.839,1582254000,0
DOLAR MAYORISTA,62.089,0.4,61.839,62.089,62.089,62.089,,,,,2020-02-26,19:59,62.089,1582686000,0
DOLAR MAYORISTA,62.139,0.1,62.089,62.139,62.139,62.139,,,,,2020-02-27,19:59,62.139,1582772400,0
DOLAR MAYORISTA,62.21,0.1,62.139,62.21,62.21,62.21,,,,,2020-02-28,19:59,62.21,1582858800,0
DOLAR MAYORISTA,62.259,0.1,62.21,62.259,62.259,62.259,,,,,2020-03-02,19:59,62.259,1583118000,0
DOLAR MAYORISTA,62.309,0.1,62.259,62.309,62.309,62.309,,,,,2020-03-03,19:59,62.309,1583204400,0
DOLAR MAYORISTA,62.359,0.1,62.309,62.359,62.359,62.359,,,,,2020-03-04,19:59,62.359,1583290800,0
DOLAR MAYORISTA,62.419,0.1,62.359,62.419,62.419,62.419,,,,,2020-03-05,19:59,62.419,1583377200,0
DOLAR MAYORISTA,62.48,0.1,62.419,62.48,62.48,62.48,,,,,2020-03-06,19:59,62.48,1583463600,0
DOLAR MAYORISTA,62.53,0.1,62.48,62.53,62.53,62.53,,,,,2020-03-09,19:59,62.53,1583722800,0
DOLAR MAYORISTA,62.589,0.1,62.53,62.589,62.589,62.589,,,,,2020-03-10,18:51,62.589,1583809200,0
DOLAR MAYORISTA,62.67,0.1,62.589,62.67,62.67,62.67,,,,,2020-03-11,19:59,62.67,1583895600,0
DOLAR MAYORISTA,62.819,0.2,62.67,62.819,62.819,62.819,,,,,2020-03-12,19:59,62.819,1583982000,0
DOLAR MAYORISTA,62.899,0.1,62.819,62.899,62.899,62.899,,,,,2020-03-13,19:59,62.899,1584068400,0
DOLAR MAYORISTA,63.039,0.2,62.899,63.039,63.039,63.039,,,,,2020-03-16,19:59,63.039,1584327600,0
DOLAR MAYORISTA,63.179,0.2,63.039,63.179,63.179,63.179,,,,,2020-03-17,19:59,63.179,1584414000,0
DOLAR MAYORISTA,63.33,0.2,63.179,63.33,63.33,63.33,,,,,2020-03-18,19:59,63.33,1584500400,0
DOLAR MAYORISTA,63.549,0.3,63.33,63.549,63.549,63.549,,,,,2020-03-19,19:59,63.549,1584586800,0
DOLAR MAYORISTA,63.77,0.3,63.549,63.77,63.77,63.77,,,,,2020-03-20,19:59,63.77,1584673200,0
DOLAR MAYORISTA,64.05,0.4,63.77,64.05,64.05,64.05,,,,,2020-03-25,19:59,64.05,1585105200,0
DOLAR MAYORISTA,64.229,0.3,64.05,64.229,64.229,64.229,,,,,2020-03-26,19:59,64.229,1585191600,0
DOLAR MAYORISTA,64.409,0.3,64.229,64.409,64.409,64.409,,,,,2020-03-27,19:59,64.409,1585278000,0
DOLAR MAYORISTA,64.469,0.1,64.409,64.469,64.469,64.469,,,,,2020-03-30,19:59,64.469,1585537200,0
DOLAR MAYORISTA,64.53,0.1,64.469,64.53,64.53,64.53,,,,,2020-04-01,19:59,64.53,1585710000,0
DOLAR MAYORISTA,64.72,0.3,64.53,64.72,64.72,64.72,,,,,2020-04-02,19:59,64.72,1585796400,0
DOLAR MAYORISTA,64.91,0.3,64.72,64.91,64.91,64.91,,,,,2020-04-03,16:27,64.91,1585882800,0
DOLAR MAYORISTA,64.99,0.1,64.91,64.99,64.99,64.99,,,,,2020-04-06,19:59,64.99,1586142000,0
DOLAR MAYORISTA,65.069,0.1,64.99,65.069,65.069,65.069,,,,,2020-04-07,19:59,65.069,1586228400,0
DOLAR MAYORISTA,65.16,0.1,65.069,65.16,65.16,65.16,,,,,2020-04-08,19:59,65.16,1586314800,0
DOLAR MAYORISTA,65.38,0.3,65.16,65.38,65.38,65.38,,,,,2020-04-13,19:59,65.38,1586746800,0
DOLAR MAYORISTA,65.5,0.2,65.38,65.5,65.5,65.5,,,,,2020-04-14,19:59,65.5,1586833200,0
DOLAR MAYORISTA,65.619,0.2,65.5,65.619,65.619,65.619,,,,,2020-04-15,19:59,65.619,1586919600,0
DOLAR MAYORISTA,65.74,0.2,65.619,65.74,65.74,65.74,,,,,2020-04-16,19:59,65.74,1587006000,0
DOLAR MAYORISTA,65.86,0.2,65.74,65.86,65.86,65.86,,,,,2020-04-17,19:59,65.86,1587092400,0
DOLAR MAYORISTA,65.98,0.2,65.86,65.98,65.98,65.98,,,,,2020-04-20,19:59,65.98,1587351600,0
DOLAR MAYORISTA,66.09,0.2,65.98,66.09,66.09,66.09,,,,,2020-04-21,19:59,66.09,1587438000,0
DOLAR MAYORISTA,66.23,0.2,66.09,66.23,66.23,66.23,,,,,2020-04-22,19:59,66.23,1587524400,0
DOLAR MAYORISTA,66.32,0.1,66.23,66.32,66.32,66.32,,,,,2020-04-23,19:59,66.32,1587610800,0
DOLAR MAYORISTA,66.43,0.2,66.32,66.43,66.43,66.43,,,,,2020-04-24,19:59,66.43,1587697200,0
DOLAR MAYORISTA,66.53,0.2,66.43,66.53,66.53,66.53,,,,,2020-04-27,19:50,66.53,1587956400,0
DOLAR MAYORISTA,66.63,0.2,66.53,66.63,66.63,66.63,,,,,2020-04-28,19:55,66.63,1588042800,0
DOLAR MAYORISTA,66.75,0.2,66.63,66.75,66.75,66.75,,,,,2020-04-29,19:59,66.75,1588129200,0
DOLAR MAYORISTA,66.84,0.1,66.75,66.84,66.84,66.84,,,,,2020-04-30,19:59,66.84,1588215600,0
DOLAR MAYORISTA,66.93,0.1,66.84,66.93,66.93,66.93,,,,,2020-05-04,19:59,66.93,1588561200,0
DOLAR MAYORISTA,67,0.1,66.93,67,67,67,,,,,2020-05-05,19:59,67,1588647600,0
DOLAR MAYORISTA,67.1,0.1,67,67.1,67.1,67.1,,,,,2020-05-06,19:59,67.1,1588734000,0
DOLAR MAYORISTA,67.19,0.1,67.1,67.19,67.19,67.19,,,,,2020-05-07,19:59,67.19,1588820400,0
DOLAR MAYORISTA,67.27,0.1,67.19,67.27,67.27,67.27,,,,,2020-05-08,19:59,67.27,1588906800,0
DOLAR MAYORISTA,67.37,0.1,67.27,67.37,67.37,67.37,,,,,2020-05-11,19:59,67.37,1589166000,0
DOLAR MAYORISTA,67.46,0.1,67.37,67.46,67.46,67.46,,,,,2020-05-12,19:59,67.46,1589252400,0
DOLAR MAYORISTA,67.54,0.1,67.46,67.54,67.54,67.54,,,,,2020-05-13,19:59,67.54,1589338800,0
DOLAR MAYORISTA,67.64,0.1,67.54,67.64,67.64,67.64,,,,,2020-05-14,19:59,67.64,1589425200,0
DOLAR MAYORISTA,67.73,0.1,67.64,67.73,67.73,67.73,,,,,2020-05-15,19:59,67.73,1589511600,0
DOLAR MAYORISTA,67.82,0.1,67.73,67.82,67.82,67.82,,,,,2020-05-18,19:59,67.82,1589770800,0
DOLAR MAYORISTA,67.9,0.1,67.82,67.9,67.9,67.9,,,,,2020-05-19,19:59,67.9,1589857200,0
DOLAR MAYORISTA,68,0.1,67.9,68,68,68,,,,,2020-05-20,19:59,68,1589943600,0
DOLAR MAYORISTA,68.09,0.1,68,68.09,68.09,68.09,,,,,2020-05-21,19:59,68.09,1590030000,0
DOLAR MAYORISTA,68.18,0.1,68.09,68.18,68.18,68.18,,,,,2020-05-22,19:59,68.18,1590116400,0
DOLAR MAYORISTA,68.27,0.1,68.18,68.27,68.27,68.27,,,,,2020-05-26,19:59,68.27,1590462000,0
DOLAR MAYORISTA,68.36,0.1,68.27,68.36,68.36,68.36,,,,,2020-05-27,19:59,68.36,1590548400,0
DOLAR MAYORISTA,68.45,0.1,68.36,68.45,68.45,68.45,,,,,2020-05-28,19:59,68.45,1590634800,0
DOLAR MAYORISTA,68.54,0.1,68.45,68.54,68.54,68.54,,,,,2020-05-29,19:59,68.54,1590721200,0
DOLAR MAYORISTA,68.63,0.1,68.54,68.63,68.63,68.63,,,,,2020-06-01,19:59,68.63,1590980400,0
DOLAR MAYORISTA,68.71,0.1,68.63,68.71,68.71,68.71,,,,,2020-06-02,19:59,68.71,1591066800,0
DOLAR MAYORISTA,68.81,0.1,68.71,68.81,68.81,68.81,,,,,2020-06-03,19:59,68.81,1591153200,0
DOLAR MAYORISTA,68.9,0.1,68.81,68.9,68.9,68.9,,,,,2020-06-04,19:59,68.9,1591239600,0
DOLAR MAYORISTA,68.99,0.1,68.9,68.99,68.99,68.99,,,,,2020-06-05,19:59,68.99,1591326000,0
DOLAR MAYORISTA,69.08,0.1,68.99,69.08,69.08,69.08,,,,,2020-06-08,19:59,69.08,1591585200,0
DOLAR MAYORISTA,69.17,0.1,69.08,69.17,69.17,69.17,,,,,2020-06-09,19:59,69.17,1591671600,0
DOLAR MAYORISTA,69.26,0.1,69.17,69.26,69.26,69.26,,,,,2020-06-10,19:59,69.26,1591758000,0
DOLAR MAYORISTA,69.31,0.1,69.26,69.31,69.31,69.31,,,,,2020-06-11,19:59,69.31,1591844400,0
DOLAR MAYORISTA,69.37,0.1,69.31,69.37,69.37,69.37,,,,,2020-06-12,19:59,69.37,1591930800,0
DOLAR MAYORISTA,69.61,0.3,69.37,69.61,69.61,69.61,,,,,2020-06-16,19:59,69.61,1592276400,0
DOLAR MAYORISTA,69.67,0.1,69.61,69.67,69.67,69.67,,,,,2020-06-17,19:59,69.67,1592362800,0
DOLAR MAYORISTA,69.74,0.1,69.67,69.74,69.74,69.74,,,,,2020-06-18,19:59,69.74,1592449200,0
DOLAR MAYORISTA,69.8,0.1,69.74,69.8,69.8,69.8,,,,,2020-06-19,19:59,69.8,1592535600,0
DOLAR MAYORISTA,69.97,0.2,69.8,69.97,69.97,69.97,,,,,2020-06-22,19:59,69.97,1592794800,0
DOLAR MAYORISTA,70.03,0.1,69.97,70.03,70.03,70.03,,,,,2020-06-23,19:59,70.03,1592881200,0
DOLAR MAYORISTA,70.1,0.1,70.03,70.1,70.1,70.1,,,,,2020-06-24,19:59,70.1,1592967600,0
DOLAR MAYORISTA,70.16,0.1,70.1,70.16,70.16,70.16,,,,,2020-06-25,19:59,70.16,1593054000,0
DOLAR MAYORISTA,70.22,0.1,70.16,70.22,70.22,70.22,,,,,2020-06-26,19:59,70.22,1593140400,0
DOLAR MAYORISTA,70.4,0.3,70.22,70.4,70.4,70.4,,,,,2020-06-29,19:59,70.4,1593399600,0
DOLAR MAYORISTA,70.46,0.1,70.4,70.46,70.46,70.46,,,,,2020-06-30,19:59,70.46,1593486000,0
DOLAR MAYORISTA,70.52,0.1,70.46,70.52,70.52,70.52,,,,,2020-07-01,19:59,70.52,1593572400,0
DOLAR MAYORISTA,70.58,0.1,70.52,70.58,70.58,70.58,,,,,2020-07-02,19:59,70.58,1593658800,0
DOLAR MAYORISTA,70.64,0.1,70.58,70.64,70.64,70.64,,,,,2020-07-03,19:59,70.64,1593745200,0
DOLAR MAYORISTA,70.82,0.3,70.64,70.82,70.82,70.82,,,,,2020-07-06,19:59,70.82,1594004400,0
DOLAR MAYORISTA,70.87,0.1,70.82,70.87,70.87,70.87,,,,,2020-07-07,19:59,70.87,1594090800,0
DOLAR MAYORISTA,70.94,0.1,70.87,70.94,70.94,70.94,,,,,2020-07-08,17:16,70.94,1594177200,0
DOLAR MAYORISTA,71.24,0.4,70.94,71.24,71.24,71.24,,,,,2020-07-13,19:59,71.24,1594609200,0
DOLAR MAYORISTA,71.3,0.1,71.24,71.3,71.3,71.3,,,,,2020-07-14,19:59,71.3,1594695600,0
DOLAR MAYORISTA,71.36,0.1,71.3,71.36,71.36,71.36,,,,,2020-07-15,19:59,71.36,1594782000,0
DOLAR MAYORISTA,71.42,0.1,71.36,71.42,71.42,71.42,,,,,2020-07-16,19:59,71.42,1594868400,0
DOLAR MAYORISTA,71.48,0.1,71.42,71.48,71.48,71.48,,,,,2020-07-17,19:59,71.48,1594954800,0
DOLAR MAYORISTA,71.66,0.3,71.48,71.66,71.66,71.66,,,,,2020-07-20,19:59,71.66,1595214000,0
DOLAR MAYORISTA,71.72,0.1,71.66,71.72,71.72,71.72,,,,,2020-07-21,19:59,71.72,1595300400,0
DOLAR MAYORISTA,71.78,0.1,71.72,71.78,71.78,71.78,,,,,2020-07-22,19:59,71.78,1595386800,0
DOLAR MAYORISTA,71.84,0.1,71.78,71.84,71.84,71.84,,,,,2020-07-23,19:59,71.84,1595473200,0
DOLAR MAYORISTA,71.9,0.1,71.84,71.9,71.9,71.9,,,,,2020-07-24,19:59,71.9,1595559600,0
DOLAR MAYORISTA,72.08,0.3,71.9,72.08,72.08,72.08,,,,,2020-07-27,19:59,72.08,1595818800,0
DOLAR MAYORISTA,72.14,0.1,72.08,72.14,72.14,72.14,,,,,2020-07-28,19:59,72.14,1595905200,0
DOLAR MAYORISTA,72.2,0.1,72.14,72.2,72.2,72.2,,,,,2020-07-29,19:59,72.2,1595991600,0
DOLAR MAYORISTA,72.26,0.1,72.2,72.26,72.26,72.26,,,,,2020-07-30,19:59,72.26,1596078000,0
DOLAR MAYORISTA,72.32,0.1,72.26,72.32,72.32,72.32,,,,,2020-07-31,19:59,72.32,1596164400,0
DOLAR MAYORISTA,72.52,0.3,72.32,72.52,72.52,72.52,,,,,2020-08-03,19:59,72.52,1596423600,0
DOLAR MAYORISTA,72.57,0.1,72.52,72.57,72.57,72.57,,,,,2020-08-04,19:59,72.57,1596510000,0
DOLAR MAYORISTA,72.62,0.1,72.57,72.62,72.62,72.62,,,,,2020-08-05,19:59,72.62,1596596400,0
DOLAR MAYORISTA,72.7,0.1,72.62,72.7,72.7,72.7,,,,,2020-08-06,19:59,72.7,1596682800,0
DOLAR MAYORISTA,72.77,0.1,72.7,72.77,72.77,72.77,,,,,2020-08-07,19:59,72.77,1596769200,0
DOLAR MAYORISTA,72.95,0.2,72.77,72.95,72.95,72.95,,,,,2020-08-10,19:59,72.95,1597028400,0
DOLAR MAYORISTA,73,0.1,72.95,73,73,73,,,,,2020-08-11,19:59,73,1597114800,0
DOLAR MAYORISTA,73.05,0.1,73,73.05,73.05,73.05,,,,,2020-08-12,19:59,73.05,1597201200,0
DOLAR MAYORISTA,73.11,0.1,73.05,73.11,73.11,73.11,,,,,2020-08-13,19:59,73.11,1597287600,0
DOLAR MAYORISTA,73.16,0.1,73.11,73.16,73.16,73.16,,,,,2020-08-14,19:59,73.16,1597374000,0
DOLAR MAYORISTA,73.4,0.3,73.16,73.4,73.4,73.4,,,,,2020-08-18,19:59,73.4,1597719600,0
DOLAR MAYORISTA,73.48,0.1,73.4,73.48,73.48,73.48,,,,,2020-08-19,19:59,73.48,1597806000,0
DOLAR MAYORISTA,73.53,0.1,73.48,73.53,73.53,73.53,,,,,2020-08-20,19:59,73.53,1597892400,0
DOLAR MAYORISTA,73.58,0.1,73.53,73.58,73.58,73.58,,,,,2020-08-21,19:59,73.58,1597978800,0
DOLAR MAYORISTA,73.73,0.2,73.58,73.73,73.73,73.73,,,,,2020-08-24,19:59,73.73,1598238000,0
DOLAR MAYORISTA,73.81,0.1,73.73,73.81,73.81,73.81,,,,,2020-08-25,19:59,73.81,1598324400,0
DOLAR MAYORISTA,73.86,0.1,73.81,73.86,73.86,73.86,,,,,2020-08-26,19:59,73.86,1598410800,0
DOLAR MAYORISTA,73.94,0.1,73.86,73.94,73.94,73.94,,,,,2020-08-27,19:59,73.94,1598497200,0
DOLAR MAYORISTA,74,0.1,73.94,74,74,74,,,,,2020-08-28,19:59,74,1598583600,0
DOLAR MAYORISTA,74.18,0.2,74,74.18,74.18,74.18,,,,,2020-08-31,19:59,74.18,1598842800,0
DOLAR MAYORISTA,74.25,0.1,74.18,74.25,74.25,74.25,,,,,2020-09-01,19:59,74.25,1598929200,0
DOLAR MAYORISTA,74.32,0.1,74.25,74.32,74.32,74.32,,,,,2020-09-02,19:59,74.32,1599015600,0
DOLAR MAYORISTA,74.38,0.1,74.32,74.38,74.38,74.38,,,,,2020-09-03,19:59,74.38,1599102000,0
DOLAR MAYORISTA,74.44,0.1,74.38,74.44,74.44,74.44,,,,,2020-09-04,19:59,74.44,1599188400,0
DOLAR MAYORISTA,74.71,0.4,74.44,74.71,74.71,74.71,,,,,2020-09-08,19:59,74.71,1599534000,0
DOLAR MAYORISTA,74.77,0.1,74.71,74.77,74.77,74.77,,,,,2020-09-09,19:59,74.77,1599620400,0
DOLAR MAYORISTA,74.84,0.1,74.77,74.84,74.84,74.84,,,,,2020-09-10,19:59,74.84,1599706800,0
DOLAR MAYORISTA,74.91,0.1,74.84,74.91,74.91,74.91,,,,,2020-09-11,19:59,74.91,1599793200,0
DOLAR MAYORISTA,75.12,0.3,74.91,75.12,75.12,75.12,,,,,2020-09-14,19:59,75.12,1600052400,0
DOLAR MAYORISTA,75.19,0.1,75.12,75.19,75.19,75.19,,,,,2020-09-15,19:59,75.19,1600138800,0
DOLAR MAYORISTA,75.25,0.1,75.19,75.25,75.25,75.25,,,,,2020-09-16,19:59,75.25,1600225200,0
DOLAR MAYORISTA,75.32,0.1,75.25,75.32,75.32,75.32,,,,,2020-09-17,19:59,75.32,1600311600,0
DOLAR MAYORISTA,75.38,0.1,75.32,75.38,75.38,75.38,,,,,2020-09-18,19:59,75.38,1600398000,0
DOLAR MAYORISTA,75.59,0.3,75.38,75.59,75.59,75.59,,,,,2020-09-21,19:59,75.59,1600657200,0
DOLAR MAYORISTA,75.65,0.1,75.59,75.65,75.65,75.65,,,,,2020-09-22,19:59,75.65,1600743600,0
DOLAR MAYORISTA,75.72,0.1,75.65,75.72,75.72,75.72,,,,,2020-09-23,19:59,75.72,1600830000,0
DOLAR MAYORISTA,75.78,0.1,75.72,75.78,75.78,75.78,,,,,2020-09-24,19:59,75.78,1600916400,0
DOLAR MAYORISTA,75.85,0.1,75.78,75.85,75.85,75.85,,,,,2020-09-25,19:59,75.85,1601002800,0
DOLAR MAYORISTA,76.06,0.3,75.85,76.06,76.06,76.06,,,,,2020-09-28,19:59,76.06,1601262000,0
DOLAR MAYORISTA,76.12,0.1,76.06,76.12,76.12,76.12,,,,,2020-09-29,19:59,76.12,1601348400,0
DOLAR MAYORISTA,76.18,0.1,76.12,76.18,76.18,76.18,,,,,2020-09-30,19:59,76.18,1601434800,0
DOLAR MAYORISTA,76.25,0.1,76.18,76.25,76.25,76.25,,,,,2020-10-01,19:59,76.25,1601521200,0
DOLAR MAYORISTA,76.95,0.9,76.25,76.95,76.95,76.95,,,,,2020-10-02,19:59,76.95,1601607600,0
DOLAR MAYORISTA,77.01,0.1,76.95,77.01,77.01,77.01,,,,,2020-10-05,19:59,77.01,1601866800,0
DOLAR MAYORISTA,77.08,0.1,77.01,77.08,77.08,77.08,,,,,2020-10-06,19:59,77.08,1601953200,0
DOLAR MAYORISTA,77.11,0,77.08,77.11,77.11,77.11,,,,,2020-10-07,19:59,77.11,1602039600,0
DOLAR MAYORISTA,77.11,0,77.11,77.11,77.11,77.11,,,,,2020-10-08,19:59,77.11,1602126000,0
DOLAR MAYORISTA,77.15,0.1,77.11,77.15,77.15,77.15,,,,,2020-10-09,19:59,77.15,1602212400,0
DOLAR MAYORISTA,77.43,0.4,77.15,77.43,77.43,77.43,,,,,2020-10-13,19:59,77.43,1602558000,0
DOLAR MAYORISTA,77.48,0.1,77.43,77.48,77.48,77.48,,,,,2020-10-14,19:59,77.48,1602644400,0
DOLAR MAYORISTA,77.47,0,77.48,77.47,77.47,77.47,,,,,2020-10-15,19:59,77.47,1602730800,0
DOLAR MAYORISTA,77.52,0.1,77.47,77.52,77.52,77.52,,,,,2020-10-16,19:59,77.52,1602817200,0
DOLAR MAYORISTA,77.58,0.1,77.52,77.58,77.58,77.58,,,,,2020-10-19,18:49,77.58,1603076400,0
DOLAR MAYORISTA,77.68,0.1,77.58,77.68,77.68,77.68,,,,,2020-10-20,19:59,77.68,1603162800,0
DOLAR MAYORISTA,77.75,0.1,77.68,77.75,77.75,77.75,,,,,2020-10-21,19:59,77.75,1603249200,0
DOLAR MAYORISTA,78.08,0.4,77.75,78.08,78.08,78.08,,,,,2020-10-22,19:59,78.08,1603335600,0
DOLAR MAYORISTA,78.13,0.1,78.08,78.13,78.13,78.13,,,,,2020-10-23,19:59,78.13,1603422000,0
DOLAR MAYORISTA,78.26,0.2,78.13,78.26,78.26,78.26,,,,,2020-10-26,19:59,78.26,1603681200,0
DOLAR MAYORISTA,78.3,0.1,78.26,78.3,78.3,78.3,,,,,2020-10-27,19:59,78.3,1603767600,0
DOLAR MAYORISTA,78.31,0,78.3,78.31,78.31,78.31,,,,,2020-10-28,19:59,78.31,1603854000,0
DOLAR MAYORISTA,78.3,0,78.31,78.3,78.3,78.3,,,,,2020-10-29,19:59,78.3,1603940400,0
DOLAR MAYORISTA,78.32,0,78.3,78.32,78.32,78.32,,,,,2020-10-30,19:59,78.32,1604026800,0
DOLAR MAYORISTA,78.69,0.5,78.32,78.69,78.69,78.69,,,,,2020-11-02,19:59,78.69,1604286000,0
DOLAR MAYORISTA,78.93,0.3,78.69,78.93,78.93,78.93,,,,,2020-11-03,19:59,78.93,1604372400,0
DOLAR MAYORISTA,79.03,0.1,78.93,79.03,79.03,79.03,,,,,2020-11-04,19:59,79.03,1604458800,0
DOLAR MAYORISTA,79.1,0.1,79.03,79.1,79.1,79.1,,,,,2020-11-05,19:59,79.1,1604545200,0
DOLAR MAYORISTA,79.35,0.3,79.1,79.35,79.35,79.35,,,,,2020-11-09,19:59,79.35,1604890800,0
DOLAR MAYORISTA,79.43,0.1,79.35,79.43,79.43,79.43,,,,,2020-11-10,19:59,79.43,1604977200,0
DOLAR MAYORISTA,79.56,0.2,79.43,79.56,79.56,79.56,,,,,2020-11-12,19:59,79.56,1605150000,0
DOLAR MAYORISTA,79.75,0.2,79.56,79.75,79.75,79.75,,,,,2020-11-13,19:59,79.75,1605236400,0
DOLAR MAYORISTA,79.97,0.3,79.75,79.97,79.97,79.97,,,,,2020-11-16,19:59,79.97,1605495600,0
DOLAR MAYORISTA,80.04,0.1,79.97,80.04,80.04,80.04,,,,,2020-11-17,19:59,80.04,1605582000,0
DOLAR MAYORISTA,80.15,0.1,80.04,80.15,80.15,80.15,,,,,2020-11-18,19:59,80.15,1605668400,0
DOLAR MAYORISTA,80.28,0.2,80.15,80.28,80.28,80.28,,,,,2020-11-19,19:59,80.28,1605754800,0
DOLAR MAYORISTA,80.35,0.1,80.28,80.35,80.35,80.35,,,,,2020-11-20,19:59,80.35,1605841200,0
DOLAR MAYORISTA,80.7,0.4,80.35,80.7,80.7,80.7,,,,,2020-11-24,19:59,80.7,1606186800,0
DOLAR MAYORISTA,80.79,0.1,80.7,80.79,80.79,80.79,,,,,2020-11-25,19:59,80.79,1606273200,0
DOLAR MAYORISTA,81.07,0.3,80.79,81.07,81.07,81.07,,,,,2020-11-27,19:59,81.07,1606446000,0
DOLAR MAYORISTA,81.31,0.3,81.07,81.31,81.31,81.31,,,,,2020-11-30,19:59,81.31,1606705200,0
DOLAR MAYORISTA,81.43,0.1,81.31,81.43,81.43,81.43,,,,,2020-12-01,19:59,81.43,1606791600,0
DOLAR MAYORISTA,81.49,0.1,81.43,81.49,81.49,81.49,,,,,2020-12-02,19:59,81.49,1606878000,0
DOLAR MAYORISTA,81.56,0.1,81.49,81.56,81.56,81.56,,,,,2020-12-03,19:59,81.56,1606964400,0
DOLAR MAYORISTA,81.65,0.1,81.56,81.65,81.65,81.65,,,,,2020-12-04,19:59,81.65,1607050800,0
DOLAR MAYORISTA,82.04,0.5,81.65,82.04,82.04,82.04,,,,,2020-12-09,19:59,82.04,1607482800,0
DOLAR MAYORISTA,82.13,0.1,82.04,82.13,82.13,82.13,,,,,2020-12-10,19:59,82.13,1607569200,0
DOLAR MAYORISTA,82.21,0.1,82.13,82.21,82.21,82.21,,,,,2020-12-11,19:59,82.21,1607655600,0
DOLAR MAYORISTA,82.45,0.3,82.21,82.45,82.45,82.45,,,,,2020-12-14,19:59,82.45,1607914800,0
DOLAR MAYORISTA,82.53,0.1,82.45,82.53,82.53,82.53,,,,,2020-12-15,19:59,82.53,1608001200,0
DOLAR MAYORISTA,82.62,0.1,82.53,82.62,82.62,82.62,,,,,2020-12-16,19:59,82.62,1608087600,0
DOLAR MAYORISTA,82.71,0.1,82.62,82.71,82.71,82.71,,,,,2020-12-17,19:59,82.71,1608174000,0
DOLAR MAYORISTA,82.84,0.2,82.71,82.84,82.84,82.84,,,,,2020-12-18,19:59,82.84,1608260400,0
DOLAR MAYORISTA,83.15,0.4,82.84,83.15,83.15,83.15,,,,,2020-12-21,19:59,83.15,1608519600,0
DOLAR MAYORISTA,83.25,0.1,83.15,83.25,83.25,83.25,,,,,2020-12-22,19:59,83.25,1608606000,0
DOLAR MAYORISTA,83.36,0.1,83.25,83.36,83.36,83.36,,,,,2020-12-23,19:59,83.36,1608692400,0
DOLAR MAYORISTA,83.9,0.6,83.36,83.9,83.9,83.9,,,,,2020-12-28,19:59,83.9,1609124400,0
DOLAR MAYORISTA,84.02,0.1,83.9,84.02,84.02,84.02,,,,,2020-12-29,19:59,84.02,1609210800,0
DOLAR MAYORISTA,84.15,0.2,84.02,84.15,84.15,84.15,,,,,2020-12-30,19:59,84.15,1609297200,0
DOLAR MAYORISTA,84.7,0.7,84.15,84.7,84.7,84.7,,,,,2021-01-04,19:59,84.7,1609729200,0
DOLAR MAYORISTA,84.81,0.1,84.7,84.81,84.81,84.81,,,,,2021-01-05,19:59,84.81,1609815600,0
DOLAR MAYORISTA,84.91,0.1,84.81,84.91,84.91,84.91,,,,,2021-01-06,19:59,84.91,1609902000,0
DOLAR MAYORISTA,85,0.1,84.91,85,85,85,,,,,2021-01-07,19:59,85,1609988400,0
DOLAR MAYORISTA,85.12,0.1,85,85.12,85.12,85.12,,,,,2021-01-08,19:59,85.12,1610074800,0
DOLAR MAYORISTA,85.37,0.3,85.12,85.37,85.37,85.37,,,,,2021-01-11,19:59,85.37,1610334000,0
DOLAR MAYORISTA,85.47,0.1,85.37,85.47,85.47,85.47,,,,,2021-01-12,19:59,85.47,1610420400,0
DOLAR MAYORISTA,85.55,0.1,85.47,85.55,85.55,85.55,,,,,2021-01-13,19:59,85.55,1610506800,0
DOLAR MAYORISTA,85.64,0.1,85.55,85.64,85.64,85.64,,,,,2021-01-14,19:59,85.64,1610593200,0
DOLAR MAYORISTA,85.74,0.1,85.64,85.74,85.74,85.74,,,,,2021-01-15,19:59,85.74,1610679600,0
DOLAR MAYORISTA,86.21,0.5,85.74,86.21,86.21,86.21,,,,,2021-01-19,19:59,86.21,1611025200,0
DOLAR MAYORISTA,86.35,0.2,86.21,86.35,86.35,86.35,,,,,2021-01-20,19:59,86.35,1611111600,0
DOLAR MAYORISTA,86.43,0.1,86.35,86.43,86.43,86.43,,,,,2021-01-21,19:59,86.43,1611198000,0
DOLAR MAYORISTA,86.57,0.2,86.43,86.57,86.57,86.57,,,,,2021-01-22,19:59,86.57,1611284400,0
DOLAR MAYORISTA,86.9,0.4,86.57,86.9,86.9,86.9,,,,,2021-01-25,19:59,86.9,1611543600,0
DOLAR MAYORISTA,87.02,0.1,86.9,87.02,87.02,87.02,,,,,2021-01-26,19:59,87.02,1611630000,0
DOLAR MAYORISTA,87.11,0.1,87.02,87.11,87.11,87.11,,,,,2021-01-27,19:59,87.11,1611716400,0
DOLAR MAYORISTA,87.2,0.1,87.11,87.2,87.2,87.2,,,,,2021-01-28,19:59,87.2,1611802800,0
DOLAR MAYORISTA,87.33,0.1,87.2,87.33,87.33,87.33,,,,,2021-01-29,19:59,87.33,1611889200,0
DOLAR MAYORISTA,87.6,0.3,87.33,87.6,87.6,87.6,,,,,2021-02-01,19:53,87.6,1612148400,0
DOLAR MAYORISTA,87.7,0.1,87.6,87.7,87.7,87.7,,,,,2021-02-02,19:59,87.7,1612234800,0
DOLAR MAYORISTA,87.8,0.1,87.7,87.8,87.8,87.8,,,,,2021-02-03,19:59,87.8,1612321200,0
DOLAR MAYORISTA,87.91,0.1,87.8,87.91,87.91,87.91,,,,,2021-02-04,19:59,87.91,1612407600,0
DOLAR MAYORISTA,88,0.1,87.91,88,88,88,,,,,2021-02-05,19:59,88,1612494000,0
DOLAR MAYORISTA,88.17,0.2,88,88.17,88.17,88.17,,,,,2021-02-08,19:59,88.17,1612753200,0
DOLAR MAYORISTA,88.26,0.1,88.17,88.26,88.26,88.26,,,,,2021-02-09,19:59,88.26,1612839600,0
DOLAR MAYORISTA,88.36,0.1,88.26,88.36,88.36,88.36,,,,,2021-02-10,19:59,88.36,1612926000,0
DOLAR MAYORISTA,88.45,0.1,88.36,88.45,88.45,88.45,,,,,2021-02-11,19:59,88.45,1613012400,0
DOLAR MAYORISTA,88.54,0.1,88.45,88.54,88.54,88.54,,,,,2021-02-12,19:59,88.54,1613098800,0
DOLAR MAYORISTA,88.94,0.5,88.54,88.94,88.94,88.94,,,,,2021-02-17,19:59,88.94,1613530800,0
DOLAR MAYORISTA,89.06,0.1,88.94,89.06,89.06,89.06,,,,,2021-02-18,19:59,89.06,1613617200,0
DOLAR MAYORISTA,89.14,0.1,89.06,89.14,89.14,89.14,,,,,2021-02-19,19:59,89.14,1613703600,0
DOLAR MAYORISTA,89.43,0.3,89.14,89.43,89.43,89.43,,,,,2021-02-22,19:59,89.43,1613962800,0
DOLAR MAYORISTA,89.53,0.1,89.43,89.53,89.53,89.53,,,,,2021-02-23,19:59,89.53,1614049200,0
DOLAR MAYORISTA,89.68,0.2,89.53,89.68,89.68,89.68,,,,,2021-02-24,19:59,89.68,1614135600,0
DOLAR MAYORISTA,89.75,0.1,89.68,89.75,89.75,89.75,,,,,2021-02-25,19:59,89.75,1614222000,0
DOLAR MAYORISTA,89.82,0.1,89.75,89.82,89.82,89.82,,,,,2021-02-26,19:59,89.82,1614308400,0
DOLAR MAYORISTA,90.09,0.3,89.82,90.09,90.09,90.09,,,,,2021-03-01,19:59,90.09,1614567600,0
DOLAR MAYORISTA,90.15,0.1,90.09,90.15,90.15,90.15,,,,,2021-03-02,19:59,90.15,1614654000,0
DOLAR MAYORISTA,90.23,0.1,90.15,90.23,90.23,90.23,,,,,2021-03-03,19:59,90.23,1614740400,0
DOLAR MAYORISTA,90.29,0.1,90.23,90.29,90.29,90.29,,,,,2021-03-04,19:59,90.29,1614826800,0
DOLAR MAYORISTA,90.37,0.1,90.29,90.37,90.37,90.37,,,,,2021-03-05,19:59,90.37,1614913200,0
DOLAR MAYORISTA,90.57,0.2,90.37,90.57,90.57,90.57,,,,,2021-03-08,19:59,90.57,1615172400,0
DOLAR MAYORISTA,90.66,0.1,90.57,90.66,90.66,90.66,,,,,2021-03-09,19:59,90.66,1615258800,0
DOLAR MAYORISTA,90.72,0.1,90.66,90.72,90.72,90.72,,,,,2021-03-10,19:59,90.72,1615345200,0
DOLAR MAYORISTA,90.78,0.1,90.72,90.78,90.78,90.78,,,,,2021-03-11,19:59,90.78,1615431600,0
DOLAR MAYORISTA,90.85,0.1,90.78,90.85,90.85,90.85,,,,,2021-03-12,19:59,90.85,1615518000,0
DOLAR MAYORISTA,91.06,0.2,90.85,91.06,91.06,91.06,,,,,2021-03-15,19:59,91.06,1615777200,0
DOLAR MAYORISTA,91.13,0.1,91.06,91.13,91.13,91.13,,,,,2021-03-16,19:59,91.13,1615863600,0
DOLAR MAYORISTA,91.2,0.1,91.13,91.2,91.2,91.2,,,,,2021-03-17,19:59,91.2,1615950000,0
DOLAR MAYORISTA,91.3,0.1,91.2,91.3,91.3,91.3,,,,,2021-03-18,19:59,91.3,1616036400,0
DOLAR MAYORISTA,91.36,0.1,91.3,91.36,91.36,91.36,,,,,2021-03-19,19:59,91.36,1616122800,0
DOLAR MAYORISTA,91.57,0.2,91.36,91.57,91.57,91.57,,,,,2021-03-22,19:59,91.57,1616382000,0
DOLAR MAYORISTA,91.64,0.1,91.57,91.64,91.64,91.64,,,,,2021-03-23,19:59,91.64,1616468400,0
DOLAR MAYORISTA,91.77,0.1,91.64,91.77,91.77,91.77,,,,,2021-03-25,19:59,91.77,1616641200,0
DOLAR MAYORISTA,91.84,0.1,91.77,91.84,91.84,91.84,,,,,2021-03-26,19:59,91.84,1616727600,0
DOLAR MAYORISTA,91.91,0.1,91.84,91.91,91.91,91.91,,,,,2021-03-29,19:59,91.91,1616986800,0
DOLAR MAYORISTA,91.96,0.1,91.91,91.96,91.96,91.96,,,,,2021-03-30,19:59,91.96,1617073200,0
DOLAR MAYORISTA,92,0,91.96,92,92,92,,,,,2021-03-31,19:59,92,1617159600,0
DOLAR MAYORISTA,92.24,0.3,92,92.24,92.24,92.24,,,,,2021-04-05,19:59,92.24,1617591600,0
DOLAR MAYORISTA,92.28,0,92.24,92.28,92.28,92.28,,,,,2021-04-06,19:59,92.28,1617678000,0
DOLAR MAYORISTA,92.33,0.1,92.28,92.33,92.33,92.33,,,,,2021-04-07,19:59,92.33,1617764400,0
DOLAR MAYORISTA,92.38,0.1,92.33,92.38,92.38,92.38,,,,,2021-04-08,17:11,92.38,1617850800,0
DOLAR MAYORISTA,92.44,0.1,92.38,92.44,92.44,92.44,,,,,2021-04-09,19:59,92.44,1617937200,0
DOLAR MAYORISTA,92.58,0.2,92.44,92.58,92.58,92.58,,,,,2021-04-12,19:59,92.58,1618196400,0
DOLAR MAYORISTA,92.62,0,92.58,92.62,92.62,92.62,,,,,2021-04-13,19:59,92.62,1618282800,0
DOLAR MAYORISTA,92.67,0.1,92.62,92.67,92.67,92.67,,,,,2021-04-14,19:59,92.67,1618369200,0
DOLAR MAYORISTA,92.72,0.1,92.67,92.72,92.72,92.72,,,,,2021-04-15,19:59,92.72,1618455600,0
DOLAR MAYORISTA,92.81,0.1,92.72,92.81,92.81,92.81,,,,,2021-04-16,19:59,92.81,1618542000,0
DOLAR MAYORISTA,92.92,0.1,92.81,92.92,92.92,92.92,,,,,2021-04-19,19:59,92.92,1618801200,0
DOLAR MAYORISTA,92.97,0.1,92.92,92.97,92.97,92.97,,,,,2021-04-20,19:59,92.97,1618887600,0
DOLAR MAYORISTA,93.04,0.1,92.97,93.04,93.04,93.04,,,,,2021-04-21,19:59,93.04,1618974000,0
DOLAR MAYORISTA,93.07,0,93.04,93.07,93.07,93.07,,,,,2021-04-22,19:59,93.07,1619060400,0
DOLAR MAYORISTA,93.12,0.1,93.07,93.12,93.12,93.12,,,,,2021-04-23,19:59,93.12,1619146800,0
DOLAR MAYORISTA,93.27,0.2,93.12,93.27,93.27,93.27,,,,,2021-04-26,19:59,93.27,1619406000,0
DOLAR MAYORISTA,93.33,0.1,93.27,93.33,93.33,93.33,,,,,2021-04-27,19:59,93.33,1619492400,0
DOLAR MAYORISTA,93.44,0.1,93.33,93.44,93.44,93.44,,,,,2021-04-28,19:59,93.44,1619578800,0
DOLAR MAYORISTA,93.5,0.1,93.44,93.5,93.5,93.5,,,,,2021-04-29,19:59,93.5,1619665200,0
DOLAR MAYORISTA,93.56,0.1,93.5,93.56,93.56,93.56,,,,,2021-04-30,19:59,93.56,1619751600,0
DOLAR MAYORISTA,93.67,0.1,93.56,93.67,93.67,93.67,,,,,2021-05-03,19:59,93.67,1620010800,0
DOLAR MAYORISTA,93.71,0,93.67,93.71,93.71,93.71,,,,,2021-05-04,19:59,93.71,1620097200,0
DOLAR MAYORISTA,93.75,0,93.71,93.75,93.75,93.75,,,,,2021-05-05,19:59,93.75,1620183600,0
DOLAR MAYORISTA,93.79,0,93.75,93.79,93.79,93.79,,,,,2021-05-06,19:59,93.79,1620270000,0
DOLAR MAYORISTA,93.85,0.1,93.79,93.85,93.85,93.85,,,,,2021-05-07,19:59,93.85,1620356400,0
DOLAR MAYORISTA,93.93,0.1,93.85,93.93,93.93,93.93,,,,,2021-05-10,19:59,93.93,1620615600,0
DOLAR MAYORISTA,93.95,0,93.93,93.95,93.95,93.95,,,,,2021-05-11,19:59,93.95,1620702000,0
DOLAR MAYORISTA,93.98,0,93.95,93.98,93.98,93.98,,,,,2021-05-12,19:59,93.98,1620788400,0
DOLAR MAYORISTA,94.01,0,93.98,94.01,94.01,94.01,,,,,2021-05-13,19:47,94.01,1620874800,0
DOLAR MAYORISTA,94.04,0,94.01,94.04,94.04,94.04,,,,,2021-05-14,19:59,94.04,1620961200,0
DOLAR MAYORISTA,94.13,0.1,94.04,94.13,94.13,94.13,,,,,2021-05-17,19:59,94.13,1621220400,0
DOLAR MAYORISTA,94.16,0,94.13,94.16,94.16,94.16,,,,,2021-05-18,19:59,94.16,1621306800,0
DOLAR MAYORISTA,94.2,0,94.16,94.2,94.2,94.2,,,,,2021-05-19,19:59,94.2,1621393200,0
DOLAR MAYORISTA,94.24,0,94.2,94.24,94.24,94.24,,,,,2021-05-20,19:59,94.24,1621479600,0
DOLAR MAYORISTA,94.27,0,94.24,94.27,94.27,94.27,,,,,2021-05-21,19:59,94.27,1621566000,0
DOLAR MAYORISTA,94.48,0.2,94.27,94.48,94.48,94.48,,,,,2021-05-26,19:59,94.48,1621998000,0
DOLAR MAYORISTA,94.53,0.1,94.48,94.53,94.53,94.53,,,,,2021-05-27,19:59,94.53,1622084400,0
DOLAR MAYORISTA,94.56,0,94.53,94.56,94.56,94.56,,,,,2021-05-28,19:59,94.56,1622170800,0
DOLAR MAYORISTA,94.69,0.1,94.56,94.69,94.69,94.69,,,,,2021-05-31,15:30,94.69,1622430000,0
DOLAR MAYORISTA,94.73,0,94.69,94.73,94.73,94.73,,,,,2021-06-01,19:59,94.73,1622516400,0
DOLAR MAYORISTA,94.77,0,94.73,94.77,94.77,94.77,,,,,2021-06-02,19:59,94.77,1622602800,0
DOLAR MAYORISTA,94.81,0,94.77,94.81,94.81,94.81,,,,,2021-06-03,19:59,94.81,1622689200,0
DOLAR MAYORISTA,94.86,0.1,94.81,94.86,94.86,94.86,,,,,2021-06-04,19:59,94.86,1622775600,0
DOLAR MAYORISTA,94.98,0.1,94.86,94.98,94.98,94.98,,,,,2021-06-07,19:59,94.98,1623034800,0
DOLAR MAYORISTA,95.01,0,94.98,95.01,95.01,95.01,,,,,2021-06-08,19:59,95.01,1623121200,0
DOLAR MAYORISTA,95.05,0,95.01,95.05,95.05,95.05,,,,,2021-06-09,19:59,95.05,1623207600,0
DOLAR MAYORISTA,95.11,0.1,95.05,95.11,95.11,95.11,,,,,2021-06-10,19:59,95.11,1623294000,0
DOLAR MAYORISTA,95.13,0,95.11,95.13,95.13,95.13,,,,,2021-06-11,19:59,95.13,1623380400,0
DOLAR MAYORISTA,95.25,0.1,95.13,95.25,95.25,95.25,,,,,2021-06-14,19:59,95.25,1623639600,0
DOLAR MAYORISTA,95.3,0.1,95.25,95.3,95.3,95.3,,,,,2021-06-15,19:59,95.3,1623726000,0
DOLAR MAYORISTA,95.31,0,95.3,95.31,95.31,95.31,,,,,2021-06-16,19:59,95.31,1623812400,0
DOLAR MAYORISTA,95.37,0.1,95.31,95.37,95.37,95.37,,,,,2021-06-17,19:59,95.37,1623898800,0
DOLAR MAYORISTA,95.37,0,95.37,95.37,95.37,95.37,,,,,2021-06-18,19:59,95.37,1623985200,0
DOLAR MAYORISTA,95.49,0.1,95.37,95.49,95.49,95.49,,,,,2021-06-22,19:59,95.49,1624330800,0
DOLAR MAYORISTA,95.53,0,95.49,95.53,95.53,95.53,,,,,2021-06-23,19:59,95.53,1624417200,0
DOLAR MAYORISTA,95.55,0,95.53,95.55,95.55,95.55,,,,,2021-06-24,19:59,95.55,1624503600,0
DOLAR MAYORISTA,95.6,0.1,95.55,95.6,95.6,95.6,,,,,2021-06-25,19:59,95.6,1624590000,0
DOLAR MAYORISTA,95.69,0.1,95.6,95.69,95.69,95.69,,,,,2021-06-28,19:59,95.69,1624849200,0
DOLAR MAYORISTA,95.71,0,95.69,95.71,95.71,95.71,,,,,2021-06-29,19:59,95.71,1624935600,0
DOLAR MAYORISTA,95.72,0,95.71,95.72,95.72,95.72,,,,,2021-06-30,19:59,95.72,1625022000,0
DOLAR MAYORISTA,95.76,0,95.72,95.76,95.76,95.76,,,,,2021-07-01,19:59,95.76,1625108400,0
DOLAR MAYORISTA,95.79,0,95.76,95.79,95.79,95.79,,,,,2021-07-02,19:59,95.79,1625194800,0
DOLAR MAYORISTA,95.91,0.1,95.79,95.91,95.91,95.91,,,,,2021-07-06,19:59,95.91,1625540400,0
DOLAR MAYORISTA,95.94,0,95.91,95.94,95.94,95.94,,,,,2021-07-07,19:59,95.94,1625626800,0
DOLAR MAYORISTA,95.99,0.1,95.94,95.99,95.99,95.99,,,,,2021-07-08,19:59,95.99,1625713200,0
DOLAR MAYORISTA,96.09,0.1,95.99,96.09,96.09,96.09,,,,,2021-07-12,19:59,96.09,1626058800,0
DOLAR MAYORISTA,96.12,0,96.09,96.12,96.12,96.12,,,,,2021-07-13,19:59,96.12,1626145200,0
DOLAR MAYORISTA,96.16,0,96.12,96.16,96.16,96.16,,,,,2021-07-14,19:59,96.16,1626231600,0
DOLAR MAYORISTA,96.18,0,96.16,96.18,96.18,96.18,,,,,2021-07-15,19:59,96.18,1626318000,0
DOLAR MAYORISTA,96.22,0,96.18,96.22,96.22,96.22,,,,,2021-07-16,19:59,96.22,1626404400,0
DOLAR MAYORISTA,96.31,0.1,96.22,96.31,96.31,96.31,,,,,2021-07-19,19:59,96.31,1626663600,0
DOLAR MAYORISTA,96.34,0,96.31,96.34,96.34,96.34,,,,,2021-07-20,19:59,96.34,1626750000,0
DOLAR MAYORISTA,96.36,0,96.34,96.36,96.36,96.36,,,,,2021-07-21,19:59,96.36,1626836400,0
DOLAR MAYORISTA,96.41,0.1,96.36,96.41,96.41,96.41,,,,,2021-07-22,19:59,96.41,1626922800,0
DOLAR MAYORISTA,96.42,0,96.41,96.42,96.42,96.42,,,,,2021-07-23,19:59,96.42,1627009200,0
DOLAR MAYORISTA,96.54,0.1,96.42,96.54,96.54,96.54,,,,,2021-07-26,19:59,96.54,1627268400,0
DOLAR MAYORISTA,96.57,0,96.54,96.57,96.57,96.57,,,,,2021-07-27,19:59,96.57,1627354800,0
DOLAR MAYORISTA,96.61,0,96.57,96.61,96.61,96.61,,,,,2021-07-28,19:59,96.61,1627441200,0
DOLAR MAYORISTA,96.64,0,96.61,96.64,96.64,96.64,,,,,2021-07-29,19:59,96.64,1627527600,0
DOLAR MAYORISTA,96.69,0.1,96.64,96.69,96.69,96.69,,,,,2021-07-30,19:59,96.69,1627614000,0
DOLAR MAYORISTA,96.79,0.1,96.69,96.79,96.79,96.79,,,,,2021-08-02,19:59,96.79,1627873200,0
DOLAR MAYORISTA,96.81,0,96.79,96.81,96.81,96.81,,,,,2021-08-03,19:59,96.81,1627959600,0
DOLAR MAYORISTA,96.83,0,96.81,96.83,96.83,96.83,,,,,2021-08-04,19:59,96.83,1628046000,0
DOLAR MAYORISTA,96.89,0.1,96.83,96.89,96.89,96.89,,,,,2021-08-05,19:59,96.89,1628132400,0
DOLAR MAYORISTA,96.9,0,96.89,96.9,96.9,96.9,,,,,2021-08-06,19:59,96.9,1628218800,0
DOLAR MAYORISTA,97,0.1,96.9,97,97,97,,,,,2021-08-09,19:59,97,1628478000,0
DOLAR MAYORISTA,97.03,0,97,97.03,97.03,97.03,,,,,2021-08-10,19:59,97.03,1628564400,0
DOLAR MAYORISTA,97.04,0,97.03,97.04,97.04,97.04,,,,,2021-08-11,19:59,97.04,1628650800,0
DOLAR MAYORISTA,97.07,0,97.04,97.07,97.07,97.07,,,,,2021-08-12,19:59,97.07,1628737200,0
DOLAR MAYORISTA,97.11,0,97.07,97.11,97.11,97.11,,,,,2021-08-13,19:59,97.11,1628823600,0
DOLAR MAYORISTA,97.25,0.1,97.11,97.25,97.25,97.25,,,,,2021-08-17,19:59,97.25,1629169200,0
DOLAR MAYORISTA,97.25,0,97.25,97.25,97.25,97.25,,,,,2021-08-18,19:59,97.25,1629255600,0
DOLAR MAYORISTA,97.28,0,97.25,97.28,97.28,97.28,,,,,2021-08-19,19:59,97.28,1629342000,0
DOLAR MAYORISTA,97.32,0,97.28,97.32,97.32,97.32,,,,,2021-08-20,19:59,97.32,1629428400,0
DOLAR MAYORISTA,97.4,0.1,97.32,97.4,97.4,97.4,,,,,2021-08-23,19:59,97.4,1629687600,0
DOLAR MAYORISTA,97.45,0.1,97.4,97.45,97.45,97.45,,,,,2021-08-24,19:59,97.45,1629774000,0
DOLAR MAYORISTA,97.48,0,97.45,97.48,97.48,97.48,,,,,2021-08-25,19:59,97.48,1629860400,0
DOLAR MAYORISTA,97.53,0.1,97.48,97.53,97.53,97.53,,,,,2021-08-26,19:59,97.53,1629946800,0
DOLAR MAYORISTA,97.56,0,97.53,97.56,97.56,97.56,,,,,2021-08-27,19:59,97.56,1630033200,0
DOLAR MAYORISTA,97.71,0.2,97.56,97.71,97.71,97.71,,,,,2021-08-30,19:59,97.71,1630292400,0
DOLAR MAYORISTA,97.74,0,97.71,97.74,97.74,97.74,,,,,2021-08-31,19:59,97.74,1630378800,0
DOLAR MAYORISTA,97.78,0,97.74,97.78,97.78,97.78,,,,,2021-09-01,19:59,97.78,1630465200,0
DOLAR MAYORISTA,97.83,0.1,97.78,97.83,97.83,97.83,,,,,2021-09-02,19:59,97.83,1630551600,0
DOLAR MAYORISTA,97.86,0,97.83,97.86,97.86,97.86,,,,,2021-09-03,19:59,97.86,1630638000,0
DOLAR MAYORISTA,97.99,0.1,97.86,97.99,97.99,97.99,,,,,2021-09-07,19:59,97.99,1630983600,0
DOLAR MAYORISTA,98.01,0,97.99,98.01,98.01,98.01,,,,,2021-09-08,19:59,98.01,1631070000,0
DOLAR MAYORISTA,98.05,0,98.01,98.05,98.05,98.05,,,,,2021-09-09,19:59,98.05,1631156400,0
DOLAR MAYORISTA,98.09,0,98.05,98.09,98.09,98.09,,,,,2021-09-10,19:59,98.09,1631242800,0
DOLAR MAYORISTA,98.19,0.1,98.09,98.19,98.19,98.19,,,,,2021-09-13,19:59,98.19,1631502000,0
DOLAR MAYORISTA,98.21,0,98.19,98.21,98.21,98.21,,,,,2021-09-14,19:59,98.21,1631588400,0
DOLAR MAYORISTA,98.25,0,98.21,98.25,98.25,98.25,,,,,2021-09-15,19:55,98.25,1631674800,0
DOLAR MAYORISTA,98.3,0.1,98.25,98.3,98.3,98.3,,,,,2021-09-16,19:59,98.3,1631761200,0
DOLAR MAYORISTA,98.36,0.1,98.3,98.36,98.36,98.36,,,,,2021-09-17,19:59,98.36,1631847600,0
DOLAR MAYORISTA,98.46,0.1,98.36,98.46,98.46,98.46,,,,,2021-09-20,19:59,98.46,1632106800,0
DOLAR MAYORISTA,98.47,0,98.46,98.47,98.47,98.47,,,,,2021-09-21,19:59,98.47,1632193200,0
DOLAR MAYORISTA,98.49,0,98.47,98.49,98.49,98.49,,,,,2021-09-22,19:59,98.49,1632279600,0
DOLAR MAYORISTA,98.54,0.1,98.49,98.54,98.54,98.54,,,,,2021-09-23,19:59,98.54,1632366000,0
DOLAR MAYORISTA,98.56,0,98.54,98.56,98.56,98.56,,,,,2021-09-24,19:59,98.56,1632452400,0
DOLAR MAYORISTA,98.63,0.1,98.56,98.63,98.63,98.63,,,,,2021-09-27,19:59,98.63,1632711600,0
DOLAR MAYORISTA,98.66,0,98.63,98.66,98.66,98.66,,,,,2021-09-28,19:59,98.66,1632798000,0
DOLAR MAYORISTA,98.72,0.1,98.66,98.72,98.72,98.72,,,,,2021-09-29,19:59,98.72,1632884400,0
DOLAR MAYORISTA,98.74,0,98.72,98.74,98.74,98.74,,,,,2021-09-30,19:59,98.74,1632970800,0
DOLAR MAYORISTA,98.79,0.1,98.74,98.79,98.79,98.79,,,,,2021-10-01,19:59,98.79,1633057200,0
DOLAR MAYORISTA,98.86,0.1,98.79,98.86,98.86,98.86,,,,,2021-10-04,19:59,98.86,1633316400,0
DOLAR MAYORISTA,98.89,0,98.86,98.89,98.89,98.89,,,,,2021-10-05,19:30,98.89,1633402800,0
DOLAR MAYORISTA,98.92,0,98.89,98.92,98.92,98.92,,,,,2021-10-06,19:59,98.92,1633489200,0
DOLAR MAYORISTA,98.94,0,98.92,98.94,98.94,98.94,,,,,2021-10-07,19:59,98.94,1633575600,0
DOLAR MAYORISTA,99.09,0.2,98.94,99.09,99.09,99.09,,,,,2021-10-12,19:59,99.09,1634007600,0
DOLAR MAYORISTA,99.12,0,99.09,99.12,99.12,99.12,,,,,2021-10-13,19:59,99.12,1634094000,0
DOLAR MAYORISTA,99.16,0,99.12,99.16,99.16,99.16,,,,,2021-10-14,19:59,99.16,1634180400,0
DOLAR MAYORISTA,99.18,0,99.16,99.18,99.18,99.18,,,,,2021-10-15,19:59,99.18,1634266800,0
DOLAR MAYORISTA,99.27,0.1,99.18,99.27,99.27,99.27,,,,,2021-10-18,19:59,99.27,1634526000,0
DOLAR MAYORISTA,99.31,0,99.27,99.31,99.31,99.31,,,,,2021-10-19,18:49,99.31,1634612400,0
DOLAR MAYORISTA,99.35,0,99.31,99.35,99.35,99.35,,,,,2021-10-20,19:59,99.35,1634698800,0
DOLAR MAYORISTA,99.37,0,99.35,99.37,99.37,99.37,,,,,2021-10-21,19:59,99.37,1634785200,0
DOLAR MAYORISTA,99.39,0,99.37,99.39,99.39,99.39,,,,,2021-10-22,19:59,99.39,1634871600,0
DOLAR MAYORISTA,99.48,0.1,99.39,99.48,99.48,99.48,,,,,2021-10-25,19:59,99.48,1635130800,0
DOLAR MAYORISTA,99.56,0.1,99.48,99.56,99.56,99.56,,,,,2021-10-26,19:59,99.56,1635217200,0
DOLAR MAYORISTA,99.65,0.1,99.56,99.65,99.65,99.65,,,,,2021-10-27,19:59,99.65,1635303600,0
DOLAR MAYORISTA,99.69,0,99.65,99.69,99.69,99.69,,,,,2021-10-28,19:59,99.69,1635390000,0
DOLAR MAYORISTA,99.72,0,99.69,99.72,99.72,99.72,,,,,2021-10-29,19:59,99.72,1635476400,0
DOLAR MAYORISTA,99.81,0.1,99.72,99.81,99.81,99.81,,,,,2021-11-01,19:59,99.81,1635735600,0
DOLAR MAYORISTA,99.86,0.1,99.81,99.86,99.86,99.86,,,,,2021-11-02,19:59,99.86,1635822000,0
DOLAR MAYORISTA,99.91,0.1,99.86,99.91,99.91,99.91,,,,,2021-11-03,19:59,99.91,1635908400,0
DOLAR MAYORISTA,99.96,0.1,99.91,99.96,99.96,99.96,,,,,2021-11-04,19:59,99.96,1635994800,0
DOLAR MAYORISTA,99.94,0,99.96,99.94,99.94,99.94,,,,,2021-11-05,19:59,99.94,1636081200,0
DOLAR MAYORISTA,100.08,0.1,99.94,100.08,100.08,100.08,,,,,2021-11-08,19:59,100.08,1636340400,0
DOLAR MAYORISTA,100.11,0,100.08,100.11,100.11,100.11,,,,,2021-11-09,19:59,100.11,1636426800,0
DOLAR MAYORISTA,100.15,0,100.11,100.15,100.15,100.15,,,,,2021-11-10,19:59,100.15,1636513200,0
DOLAR MAYORISTA,100.22,0.1,100.15,100.22,100.22,100.22,,,,,2021-11-12,19:59,100.22,1636686000,0
DOLAR MAYORISTA,100.27,0,100.22,100.27,100.27,100.27,,,,,2021-11-15,19:59,100.27,1636945200,0
DOLAR MAYORISTA,100.29,0,100.27,100.29,100.29,100.29,,,,,2021-11-16,19:59,100.29,1637031600,0
DOLAR MAYORISTA,100.35,0.1,100.29,100.35,100.35,100.35,,,,,2021-11-17,19:59,100.35,1637118000,0
DOLAR MAYORISTA,100.41,0.1,100.35,100.41,100.41,100.41,,,,,2021-11-18,19:59,100.41,1637204400,0
DOLAR MAYORISTA,100.46,0,100.41,100.46,100.46,100.46,,,,,2021-11-19,19:59,100.46,1637290800,0
DOLAR MAYORISTA,100.57,0.1,100.46,100.57,100.57,100.57,,,,,2021-11-23,19:59,100.57,1637636400,0
DOLAR MAYORISTA,100.62,0,100.57,100.62,100.62,100.62,,,,,2021-11-24,19:59,100.62,1637722800,0
DOLAR MAYORISTA,100.8,0.2,100.62,100.8,100.8,100.8,,,,,2021-11-26,19:59,100.8,1637895600,0
DOLAR MAYORISTA,100.92,0.1,100.8,100.92,100.92,100.92,,,,,2021-11-29,17:58,100.92,1638154800,0
DOLAR MAYORISTA,100.96,0,100.92,100.96,100.96,100.96,,,,,2021-11-30,19:59,100.96,1638241200,0
DOLAR MAYORISTA,101,0,100.96,101,101,101,,,,,2021-12-01,19:59,101,1638327600,0
DOLAR MAYORISTA,101.1,0.1,101,101.1,101.1,101.1,,,,,2021-12-02,19:59,101.1,1638414000,0
DOLAR MAYORISTA,101.16,0.1,101.1,101.16,101.16,101.16,,,,,2021-12-03,19:57,101.16,1638500400,0
DOLAR MAYORISTA,101.28,0.1,101.16,101.28,101.28,101.28,,,,,2021-12-06,19:59,101.28,1638759600,0
DOLAR MAYORISTA,101.42,0.1,101.28,101.42,101.42,101.42,,,,,2021-12-07,19:59,101.42,1638846000,0
DOLAR MAYORISTA,101.54,0.1,101.42,101.54,101.54,101.54,,,,,2021-12-09,18:15,101.54,1639018800,0
DOLAR MAYORISTA,102.68,1.1,101.54,102.68,102.68,102.68,,,,,2021-12-29,19:59,102.68,1640746800,0
DOLAR MAYORISTA,102.72,0,102.68,102.72,102.72,102.72,,,,,2021-12-30,19:59,102.72,1640833200,0
DOLAR MAYORISTA,103,0,0,103,103,103,,,,,2022-01-03,19:59,103,1641178800,0
DOLAR MAYORISTA,103.09,0.1,103,103.09,103.09,103.09,,,,,2022-01-04,19:59,103.09,1641265200,0
DOLAR MAYORISTA,103.14,0,103.09,103.14,103.14,103.14,,,,,2022-01-05,19:59,103.14,1641351600,0
DOLAR MAYORISTA,103.24,0.1,103.14,103.24,103.24,103.24,,,,,2022-01-06,19:59,103.24,1641438000,0
DOLAR MAYORISTA,103.28,0,103.24,103.28,103.28,103.28,,,,,2022-01-07,19:59,103.28,1641524400,0
DOLAR MAYORISTA,103.51,0,0,103.51,103.51,103.51,,,,,2022-01-10,19:59,103.51,1641783600,0
DOLAR MAYORISTA,103.56,0,103.51,103.56,103.56,103.56,,,,,2022-01-11,19:59,103.56,1641870000,0
DOLAR MAYORISTA,103.68,0.1,103.56,103.68,103.68,103.68,,,,,2022-01-12,19:59,103.68,1641956400,0
DOLAR MAYORISTA,103.77,0.1,103.68,103.77,103.77,103.77,,,,,2022-01-13,19:59,103.77,1642042800,0
DOLAR MAYORISTA,103.84,0.1,103.77,103.84,103.84,103.84,,,,,2022-01-14,19:59,103.84,1642129200,0
DOLAR MAYORISTA,104.17,0,0,104.17,104.17,104.17,,,,,2022-01-18,19:59,104.17,1642474800,0
DOLAR MAYORISTA,104.24,0.1,104.17,104.24,104.24,104.24,,,,,2022-01-19,19:59,104.24,1642561200,0
DOLAR MAYORISTA,104.31,0.1,104.24,104.31,104.31,104.31,,,,,2022-01-20,19:59,104.31,1642647600,0
DOLAR MAYORISTA,104.34,0,104.31,104.34,104.34,104.34,,,,,2022-01-21,19:59,104.34,1642734000,0
DOLAR MAYORISTA,104.53,0,0,104.53,104.53,104.53,,,,,2022-01-24,19:59,104.53,1642993200,0
DOLAR MAYORISTA,104.62,0.1,104.53,104.62,104.62,104.62,,,,,2022-01-25,19:59,104.62,1643079600,0
DOLAR MAYORISTA,104.7,0.1,104.62,104.7,104.7,104.7,,,,,2022-01-26,19:59,104.7,1643166000,0
DOLAR MAYORISTA,104.77,0.1,104.7,104.77,104.77,104.77,,,,,2022-01-27,19:59,104.77,1643252400,0
DOLAR MAYORISTA,104.84,0.1,104.77,104.84,104.84,104.84,,,,,2022-01-28,19:59,104.84,1643338800,0
DOLAR MAYORISTA,105.02,0,0,105.02,105.02,105.02,,,,,2022-01-31,19:59,105.02,1643598000,0
DOLAR MAYORISTA,105.12,0.1,105.02,105.12,105.12,105.12,,,,,2022-02-01,19:59,105.12,1643684400,0
DOLAR MAYORISTA,105.2,0.1,105.12,105.2,105.2,105.2,,,,,2022-02-02,19:59,105.2,1643770800,0
DOLAR MAYORISTA,105.31,0.1,105.2,105.31,105.31,105.31,,,,,2022-02-03,19:59,105.31,1643857200,0
DOLAR MAYORISTA,105.41,0.1,105.31,105.41,105.41,105.41,,,,,2022-02-04,19:59,105.41,1643943600,0
DOLAR MAYORISTA,105.68,0,0,105.68,105.68,105.68,,,,,2022-02-07,19:59,105.68,1644202800,0
DOLAR MAYORISTA,105.82,0.1,105.68,105.82,105.82,105.82,,,,,2022-02-08,19:59,105.82,1644289200,0
DOLAR MAYORISTA,105.89,0.1,105.82,105.89,105.89,105.89,,,,,2022-02-09,19:59,105.89,1644375600,0
DOLAR MAYORISTA,106.01,0.1,105.89,106.01,106.01,106.01,,,,,2022-02-10,19:58,106.01,1644462000,0
DOLAR MAYORISTA,106.15,0.1,106.01,106.15,106.15,106.15,,,,,2022-02-11,19:59,106.15,1644548400,0
DOLAR MAYORISTA,106.36,0,0,106.36,106.36,106.36,,,,,2022-02-14,19:59,106.36,1644807600,0
DOLAR MAYORISTA,106.47,0.1,106.36,106.47,106.47,106.47,,,,,2022-02-15,19:59,106.47,1644894000,0
DOLAR MAYORISTA,106.67,0,0,106.67,106.67,106.67,,,,,2022-02-17,19:59,106.67,1645066800,0
DOLAR MAYORISTA,106.78,0.1,106.67,106.78,106.78,106.78,,,,,2022-02-18,19:59,106.78,1645153200,0
DOLAR MAYORISTA,107.19,0,0,107.19,107.19,107.19,,,,,2022-02-22,19:59,107.19,1645498800,0
DOLAR MAYORISTA,107.28,0.1,107.19,107.28,107.28,107.28,,,,,2022-02-23,19:59,107.28,1645585200,0
DOLAR MAYORISTA,107.38,0.1,107.28,107.38,107.38,107.38,,,,,2022-02-24,19:59,107.38,1645671600,0
DOLAR MAYORISTA,107.45,0.1,107.38,107.45,107.45,107.45,,,,,2022-02-25,19:59,107.45,1645758000,0
DOLAR MAYORISTA,108.03,0,0,108.03,108.03,108.03,,,,,2022-03-03,19:59,108.03,1646276400,0
DOLAR MAYORISTA,108.13,0.1,108.03,108.13,108.13,108.13,,,,,2022-03-04,19:59,108.13,1646362800,0
DOLAR MAYORISTA,108.77,0,0,108.77,108.77,108.77,,,,,2022-03-10,19:59,108.77,1646881200,0
DOLAR MAYORISTA,108.88,0.1,108.77,108.88,108.88,108.88,,,,,2022-03-11,19:59,108.88,1646967600,0
DOLAR MAYORISTA,109.2,0,0,109.2,109.2,109.2,,,,,2022-03-14,19:59,109.2,1647226800,0
DOLAR MAYORISTA,109.31,0.1,109.2,109.31,109.31,109.31,,,,,2022-03-15,19:59,109.31,1647313200,0
DOLAR MAYORISTA,109.41,0.1,109.31,109.41,109.41,109.41,,,,,2022-03-16,19:59,109.41,1647399600,0
DOLAR MAYORISTA,109.51,0.1,109.41,109.51,109.51,109.51,,,,,2022-03-17,19:59,109.51,1647486000,0
DOLAR MAYORISTA,109.7,0.2,109.51,109.7,109.7,109.7,,,,,2022-03-18,19:59,109.7,1647572400,0
DOLAR MAYORISTA,109.97,0,0,109.97,109.97,109.97,,,,,2022-03-21,19:59,109.97,1647831600,0
DOLAR MAYORISTA,110.07,0.1,109.97,110.07,110.07,110.07,,,,,2022-03-22,19:51,110.07,1647918000,0
DOLAR MAYORISTA,110.18,0.1,110.07,110.18,110.18,110.18,,,,,2022-03-23,19:59,110.18,1648004400,0
DOLAR MAYORISTA,110.18,0,110.18,110.18,110.18,110.18,,,,,2022-03-24,19:59,110.18,1648090800,0
DOLAR MAYORISTA,110.38,0.2,110.18,110.38,110.38,110.38,,,,,2022-03-25,19:59,110.38,1648177200,0
DOLAR MAYORISTA,110.68,0,0,110.68,110.68,110.68,,,,,2022-03-28,19:59,110.68,1648436400,0
DOLAR MAYORISTA,110.82,0.1,110.68,110.82,110.82,110.82,,,,,2022-03-29,19:59,110.82,1648522800,0
DOLAR MAYORISTA,110.89,0.1,110.82,110.89,110.89,110.89,,,,,2022-03-30,19:59,110.89,1648609200,0
DOLAR MAYORISTA,111.01,0.1,110.89,111.01,111.01,111.01,,,,,2022-03-31,19:59,111.01,1648695600,0
DOLAR MAYORISTA,111.12,0.1,111.01,111.12,111.12,111.12,,,,,2022-04-01,19:59,111.12,1648782000,0
DOLAR MAYORISTA,111.56,0,0,111.56,111.56,111.56,,,,,2022-04-04,19:59,111.56,1649041200,0
DOLAR MAYORISTA,111.7,0.1,111.56,111.7,111.7,111.7,,,,,2022-04-05,19:59,111.7,1649127600,0
DOLAR MAYORISTA,111.83,0.1,111.7,111.83,111.83,111.83,,,,,2022-04-06,19:59,111.83,1649214000,0
DOLAR MAYORISTA,111.97,0.1,111.83,111.97,111.97,111.97,,,,,2022-04-07,19:59,111.97,1649300400,0
DOLAR MAYORISTA,112.16,0.2,111.97,112.16,112.16,112.16,,,,,2022-04-08,19:59,112.16,1649386800,0
DOLAR MAYORISTA,112.58,0,0,112.58,112.58,112.58,,,,,2022-04-11,19:59,112.58,1649646000,0
DOLAR MAYORISTA,112.76,0.2,112.58,112.76,112.76,112.76,,,,,2022-04-12,19:59,112.76,1649732400,0
DOLAR MAYORISTA,112.97,0.2,112.76,112.97,112.97,112.97,,,,,2022-04-13,19:59,112.97,1649818800,0
DOLAR MAYORISTA,113.63,0,0,113.63,113.63,113.63,,,,,2022-04-18,19:59,113.63,1650250800,0
DOLAR MAYORISTA,113.78,0.1,113.63,113.78,113.78,113.78,,,,,2022-04-19,19:59,113.78,1650337200,0
DOLAR MAYORISTA,113.96,0.2,113.78,113.96,113.96,113.96,,,,,2022-04-20,19:59,113.96,1650423600,0
DOLAR MAYORISTA,114.09,0.1,113.96,114.09,114.09,114.09,,,,,2022-04-21,19:59,114.09,1650510000,0
DOLAR MAYORISTA,114.23,0.1,114.09,114.23,114.23,114.23,,,,,2022-04-22,19:59,114.23,1650596400,0
DOLAR MAYORISTA,114.85,0,0,114.85,114.85,114.85,,,,,2022-04-26,19:59,114.85,1650942000,0
DOLAR MAYORISTA,115.04,0.2,114.85,115.04,115.04,115.04,,,,,2022-04-27,19:59,115.04,1651028400,0
DOLAR MAYORISTA,115.18,0.1,115.04,115.18,115.18,115.18,,,,,2022-04-28,19:59,115.18,1651114800,0
DOLAR MAYORISTA,115.31,0.1,115.18,115.31,115.31,115.31,,,,,2022-04-29,19:59,115.31,1651201200,0
DOLAR MAYORISTA,115.73,0,0,115.73,115.73,115.73,,,,,2022-05-02,19:59,115.73,1651460400,0
DOLAR MAYORISTA,115.88,0.1,115.73,115.88,115.88,115.88,,,,,2022-05-03,19:59,115.88,1651546800,0
DOLAR MAYORISTA,116.02,0.1,115.88,116.02,116.02,116.02,,,,,2022-05-04,19:59,116.02,1651633200,0
DOLAR MAYORISTA,116.16,0.1,116.02,116.16,116.16,116.16,,,,,2022-05-05,19:59,116.16,1651719600,0
DOLAR MAYORISTA,116.3,0.1,116.16,116.3,116.3,116.3,,,,,2022-05-06,19:59,116.3,1651806000,0
DOLAR MAYORISTA,116.75,0,0,116.75,116.75,116.75,,,,,2022-05-09,19:59,116.75,1652065200,0
DOLAR MAYORISTA,116.93,0.2,116.75,116.93,116.93,116.93,,,,,2022-05-10,19:59,116.93,1652151600,0
DOLAR MAYORISTA,117.08,0.1,116.93,117.08,117.08,117.08,,,,,2022-05-11,19:59,117.08,1652238000,0
DOLAR MAYORISTA,117.25,0.1,117.08,117.25,117.25,117.25,,,,,2022-05-12,19:59,117.25,1652324400,0
DOLAR MAYORISTA,117.43,0.2,117.25,117.43,117.43,117.43,,,,,2022-05-13,19:59,117.43,1652410800,0
DOLAR MAYORISTA,117.86,0,0,117.86,117.86,117.86,,,,,2022-05-16,19:59,117.86,1652670000,0
DOLAR MAYORISTA,118.07,0.2,117.86,118.07,118.07,118.07,,,,,2022-05-17,19:59,118.07,1652756400,0
DOLAR MAYORISTA,118.34,0,0,118.34,118.34,118.34,,,,,2022-05-19,19:59,118.34,1652929200,0
DOLAR MAYORISTA,118.48,0.1,118.34,118.48,118.48,118.48,,,,,2022-05-20,19:59,118.48,1653015600,0
DOLAR MAYORISTA,118.94,0,0,118.94,118.94,118.94,,,,,2022-05-23,19:59,118.94,1653274800,0
DOLAR MAYORISTA,119.11,0.1,118.94,119.11,119.11,119.11,,,,,2022-05-24,19:59,119.11,1653361200,0
DOLAR MAYORISTA,119.41,0,0,119.41,119.41,119.41,,,,,2022-05-26,19:59,119.41,1653534000,0
DOLAR MAYORISTA,119.55,0.1,119.41,119.55,119.55,119.55,,,,,2022-05-27,19:59,119.55,1653620400,0
DOLAR MAYORISTA,120.2,0,0,120.2,120.2,120.2,,,,,2022-05-31,19:59,120.2,1653966000,0
DOLAR MAYORISTA,120.32,0.1,120.2,120.32,120.32,120.32,,,,,2022-06-01,19:59,120.32,1654052400,0
DOLAR MAYORISTA,120.46,0.1,120.32,120.46,120.46,120.46,,,,,2022-06-02,19:59,120.46,1654138800,0
DOLAR MAYORISTA,120.68,0.2,120.46,120.68,120.68,120.68,,,,,2022-06-03,19:59,120.68,1654225200,0
DOLAR MAYORISTA,121.11,0,0,121.11,121.11,121.11,,,,,2022-06-06,19:59,121.11,1654484400,0
DOLAR MAYORISTA,121.29,0.1,121.11,121.29,121.29,121.29,,,,,2022-06-07,19:59,121.29,1654570800,0
DOLAR MAYORISTA,121.45,0.1,121.29,121.45,121.45,121.45,,,,,2022-06-08,19:59,121.45,1654657200,0
DOLAR MAYORISTA,121.62,0.1,121.45,121.62,121.62,121.62,,,,,2022-06-09,19:59,121.62,1654743600,0
DOLAR MAYORISTA,121.79,0.1,121.62,121.79,121.79,121.79,,,,,2022-06-10,19:59,121.79,1654830000,0
DOLAR MAYORISTA,122.3,0.4,121.79,122.3,122.3,122.3,,,,,2022-06-13,19:59,122.3,1655089200,0
DOLAR MAYORISTA,122.92,0,0,122.92,122.92,122.92,,,,,2022-06-16,19:59,122.92,1655348400,0
DOLAR MAYORISTA,123.67,0,0,123.67,123.67,123.67,,,,,2022-06-21,19:59,123.67,1655780400,0
DOLAR MAYORISTA,123.85,0.1,123.67,123.85,123.85,123.85,,,,,2022-06-22,19:59,123.85,1655866800,0
DOLAR MAYORISTA,124.07,0.2,123.85,124.07,124.07,124.07,,,,,2022-06-23,19:59,124.07,1655953200,0
DOLAR MAYORISTA,124.24,0.1,124.07,124.24,124.24,124.24,,,,,2022-06-24,19:59,124.24,1656039600,0
DOLAR MAYORISTA,124.71,0.4,124.24,124.71,124.71,124.71,,,,,2022-06-27,19:59,124.71,1656298800,0
DOLAR MAYORISTA,124.87,0.1,124.71,124.87,124.87,124.87,,,,,2022-06-28,19:59,124.87,1656385200,0
DOLAR MAYORISTA,125.04,0.1,124.87,125.04,125.04,125.04,,,,,2022-06-29,19:59,125.04,1656471600,0
DOLAR MAYORISTA,125.23,0.2,125.04,125.23,125.23,125.23,,,,,2022-06-30,19:59,125.23,1656558000,0
DOLAR MAYORISTA,125.45,0.2,125.23,125.45,125.45,125.45,,,,,2022-07-01,19:59,125.45,1656644400,0
DOLAR MAYORISTA,126.13,0,0,126.13,126.13,126.13,,,,,2022-07-05,19:59,126.13,1656990000,0
DOLAR MAYORISTA,126.39,0.2,126.13,126.39,126.39,126.39,,,,,2022-07-06,19:59,126.39,1657076400,0
DOLAR MAYORISTA,126.56,0.1,126.39,126.56,126.56,126.56,,,,,2022-07-07,19:59,126.56,1657162800,0
DOLAR MAYORISTA,126.8,0.2,126.56,126.8,126.8,126.8,,,,,2022-07-08,19:59,126.8,1657249200,0
DOLAR MAYORISTA,127.35,0.4,126.8,127.35,127.35,127.35,,,,,2022-07-11,19:59,127.35,1657508400,0
DOLAR MAYORISTA,127.59,0.2,127.35,127.59,127.59,127.59,,,,,2022-07-12,19:59,127.59,1657594800,0
DOLAR MAYORISTA,127.82,0.2,127.59,127.82,127.82,127.82,,,,,2022-07-13,19:59,127.82,1657681200,0
DOLAR MAYORISTA,128,0.1,127.82,128,128,128,,,,,2022-07-14,19:59,128,1657767600,0
DOLAR MAYORISTA,128.25,0.2,128,128.25,128.25,128.25,,,,,2022-07-15,19:59,128.25,1657854000,0
DOLAR MAYORISTA,128.91,0,0,128.91,128.91,128.91,,,,,2022-07-18,19:59,128.91,1658113200,0
DOLAR MAYORISTA,129.14,0.2,128.91,129.14,129.14,129.14,,,,,2022-07-19,19:59,129.14,1658199600,0
DOLAR MAYORISTA,129.38,0.2,129.14,129.38,129.38,129.38,,,,,2022-07-20,19:59,129.38,1658286000,0
DOLAR MAYORISTA,129.58,0.2,129.38,129.58,129.58,129.58,,,,,2022-07-21,19:59,129.58,1658372400,0
DOLAR MAYORISTA,129.74,0.1,129.58,129.74,129.74,129.74,,,,,2022-07-22,19:59,129.74,1658458800,0
DOLAR MAYORISTA,129.74,0,129.74,129.74,129.74,129.74,,,,,2022-07-23,19:59,129.74,1658545200,0
DOLAR MAYORISTA,129.74,0,129.74,129.74,129.74,129.74,,,,,2022-07-24,19:59,129.74,1658631600,0
DOLAR MAYORISTA,130.4,0.5,129.74,130.4,130.4,130.4,,,,,2022-07-25,19:59,130.4,1658718000,0
DOLAR MAYORISTA,130.68,0.2,130.4,130.68,130.68,130.68,,,,,2022-07-26,19:59,130.68,1658804400,0
DOLAR MAYORISTA,130.91,0.2,130.68,130.91,130.91,130.91,,,,,2022-07-27,19:59,130.91,1658890800,0
DOLAR MAYORISTA,131.12,0.2,130.91,131.12,131.12,131.12,,,,,2022-07-28,19:59,131.12,1658977200,0
DOLAR MAYORISTA,131.27,0.1,131.12,131.27,131.27,131.27,,,,,2022-07-29,19:59,131.27,1659063600,0
DOLAR MAYORISTA,131.89,0,0,131.89,131.89,131.89,,,,,2022-08-01,19:59,131.89,1659322800,0
DOLAR MAYORISTA,132.2,0.2,131.89,132.2,132.2,132.2,,,,,2022-08-02,19:59,132.2,1659409200,0
DOLAR MAYORISTA,132.42,0.2,132.2,132.42,132.42,132.42,,,,,2022-08-03,19:59,132.42,1659495600,0
DOLAR MAYORISTA,132.64,0.2,132.42,132.64,132.64,132.64,,,,,2022-08-04,19:59,132.64,1659582000,0
DOLAR MAYORISTA,132.89,0.2,132.64,132.89,132.89,132.89,,,,,2022-08-05,19:59,132.89,1659668400,0
DOLAR MAYORISTA,133.57,0,0,133.57,133.57,133.57,,,,,2022-08-08,19:59,133.57,1659927600,0
DOLAR MAYORISTA,133.85,0.2,133.57,133.85,133.85,133.85,,,,,2022-08-09,19:59,133.85,1660014000,0
DOLAR MAYORISTA,134.02,0.1,133.85,134.02,134.02,134.02,,,,,2022-08-10,19:59,134.02,1660100400,0
DOLAR MAYORISTA,134.27,0.2,134.02,134.27,134.27,134.27,,,,,2022-08-11,19:59,134.27,1660186800,0
DOLAR MAYORISTA,134.59,0.2,134.27,134.59,134.59,134.59,,,,,2022-08-12,19:59,134.59,1660273200,0
DOLAR MAYORISTA,135.33,0,0,135.33,135.33,135.33,,,,,2022-08-16,19:59,135.33,1660618800,0
DOLAR MAYORISTA,135.53,0.1,135.33,135.53,135.53,135.53,,,,,2022-08-17,19:59,135.53,1660705200,0
DOLAR MAYORISTA,135.8,0.2,135.53,135.8,135.8,135.8,,,,,2022-08-18,19:59,135.8,1660791600,0
DOLAR MAYORISTA,136.15,0.3,135.8,136.15,136.15,136.15,,,,,2022-08-19,19:59,136.15,1660878000,0
DOLAR MAYORISTA,136.64,0,0,136.64,136.64,136.64,,,,,2022-08-22,19:59,136.64,1661137200,0
DOLAR MAYORISTA,136.95,0.2,136.64,136.95,136.95,136.95,,,,,2022-08-23,19:59,136.95,1661223600,0
DOLAR MAYORISTA,137.15,0.1,136.95,137.15,137.15,137.15,,,,,2022-08-24,19:59,137.15,1661310000,0
DOLAR MAYORISTA,137.4,0.2,137.15,137.4,137.4,137.4,,,,,2022-08-25,19:59,137.4,1661396400,0
DOLAR MAYORISTA,137.7,0.2,137.4,137.7,137.7,137.7,,,,,2022-08-26,19:59,137.7,1661482800,0
DOLAR MAYORISTA,138.32,0,0,138.32,138.32,138.32,,,,,2022-08-29,19:59,138.32,1661742000,0
DOLAR MAYORISTA,138.6,0.2,138.32,138.6,138.6,138.6,,,,,2022-08-30,19:59,138.6,1661828400,0
DOLAR MAYORISTA,138.73,0.1,138.6,138.73,138.73,138.73,,,,,2022-08-31,19:59,138.73,1661914800,0
DOLAR MAYORISTA,139.03,0.2,138.73,139.03,139.03,139.03,,,,,2022-09-01,19:59,139.03,1662001200,0
DOLAR MAYORISTA,140.56,0,0,140.56,140.56,140.56,,,,,2022-09-06,19:59,140.56,1662433200,0
DOLAR MAYORISTA,140.8,0.2,140.56,140.8,140.8,140.8,,,,,2022-09-07,19:59,140.8,1662519600,0
DOLAR MAYORISTA,141.15,0.2,140.8,141.15,141.15,141.15,,,,,2022-09-08,19:59,141.15,1662606000,0
DOLAR MAYORISTA,141.38,0.2,141.15,141.38,141.38,141.38,,,,,2022-09-09,19:59,141.38,1662692400,0
DOLAR MAYORISTA,142.28,0.6,141.38,142.28,142.28,142.28,,,,,2022-09-12,19:59,142.28,1662951600,0
DOLAR MAYORISTA,142.58,0.2,142.28,142.58,142.58,142.58,,,,,2022-09-13,19:59,142.58,1663038000,0
DOLAR MAYORISTA,142.88,0.2,142.58,142.88,142.88,142.88,,,,,2022-09-14,19:59,142.88,1663124400,0
DOLAR MAYORISTA,143.2,0.2,142.88,143.2,143.2,143.2,,,,,2022-09-15,19:59,143.2,1663210800,0
DOLAR MAYORISTA,143.52,0.2,143.2,143.52,143.52,143.52,,,,,2022-09-16,19:59,143.52,1663297200,0
DOLAR MAYORISTA,144.37,0,0,144.37,144.37,144.37,,,,,2022-09-19,19:59,144.37,1663556400,0
DOLAR MAYORISTA,144.64,0.2,144.37,144.64,144.64,144.64,,,,,2022-09-20,19:59,144.64,1663642800,0
DOLAR MAYORISTA,144.89,0.2,144.64,144.89,144.89,144.89,,,,,2022-09-21,19:59,144.89,1663729200,0
DOLAR MAYORISTA,145.16,0.2,144.89,145.16,145.16,145.16,,,,,2022-09-22,19:59,145.16,1663815600,0
DOLAR MAYORISTA,145.44,0.2,145.16,145.44,145.44,145.44,,,,,2022-09-23,19:59,145.44,1663902000,0
DOLAR MAYORISTA,146.27,0.6,145.44,146.27,146.27,146.27,,,,,2022-09-26,19:59,146.27,1664161200,0
DOLAR MAYORISTA,146.57,0.2,146.27,146.57,146.57,146.57,,,,,2022-09-27,19:59,146.57,1664247600,0
DOLAR MAYORISTA,146.86,0.2,146.57,146.86,146.86,146.86,,,,,2022-09-28,19:59,146.86,1664334000,0
DOLAR MAYORISTA,147.07,0.1,146.86,147.07,147.07,147.07,,,,,2022-09-29,19:59,147.07,1664420400,0
DOLAR MAYORISTA,147.32,0.2,147.07,147.32,147.32,147.32,,,,,2022-09-30,19:59,147.32,1664506800,0
DOLAR MAYORISTA,147.32,0,147.32,147.32,147.32,147.32,,,,,2022-10-01,19:59,147.32,1664593200,0
DOLAR MAYORISTA,147.32,0,147.32,147.32,147.32,147.32,,,,,2022-10-02,19:59,147.32,1664679600,0
DOLAR MAYORISTA,148.23,0.6,147.32,148.23,148.23,148.23,,,,,2022-10-03,19:59,148.23,1664766000,0
DOLAR MAYORISTA,148.59,0.2,148.23,148.59,148.59,148.59,,,,,2022-10-04,19:59,148.59,1664852400,0
DOLAR MAYORISTA,148.88,0.2,148.59,148.88,148.88,148.88,,,,,2022-10-05,19:59,148.88,1664938800,0
DOLAR MAYORISTA,149.2,0.2,148.88,149.2,149.2,149.2,,,,,2022-10-06,19:59,149.2,1665025200,0
DOLAR MAYORISTA,150.69,1,149.2,150.69,150.69,150.69,,,,,2022-10-11,18:05,150.69,1665457200,0
DOLAR MAYORISTA,151.04,0.2,150.69,151.04,151.04,151.04,,,,,2022-10-12,19:59,151.04,1665543600,0
DOLAR MAYORISTA,151.3,0.2,151.04,151.3,151.3,151.3,,,,,2022-10-13,19:59,151.3,1665630000,0
DOLAR MAYORISTA,151.64,0.2,151.3,151.64,151.64,151.64,,,,,2022-10-14,19:59,151.64,1665716400,0
DOLAR MAYORISTA,152.5,0.6,151.64,152.5,152.5,152.5,,,,,2022-10-17,19:59,152.5,1665975600,0
DOLAR MAYORISTA,152.82,0.2,152.5,152.82,152.82,152.82,,,,,2022-10-18,19:59,152.82,1666062000,0
DOLAR MAYORISTA,153.18,0.2,152.82,153.18,153.18,153.18,,,,,2022-10-19,19:59,153.18,1666148400,0
DOLAR MAYORISTA,153.51,0.2,153.18,153.51,153.51,153.51,,,,,2022-10-20,19:59,153.51,1666234800,0
DOLAR MAYORISTA,153.79,0.2,153.51,153.79,153.79,153.79,,,,,2022-10-21,19:59,153.79,1666321200,0
DOLAR MAYORISTA,154.74,0.6,153.79,154.74,154.74,154.74,,,,,2022-10-24,19:59,154.74,1666580400,0
DOLAR MAYORISTA,155.08,0.2,154.74,155.08,155.08,155.08,,,,,2022-10-25,19:59,155.08,1666666800,0
DOLAR MAYORISTA,155.39,0.2,155.08,155.39,155.39,155.39,,,,,2022-10-26,19:59,155.39,1666753200,0
DOLAR MAYORISTA,155.69,0.2,155.39,155.69,155.69,155.69,,,,,2022-10-27,19:59,155.69,1666839600,0
DOLAR MAYORISTA,156.02,0.2,155.69,156.02,156.02,156.02,,,,,2022-10-28,19:59,156.02,1666926000,0
DOLAR MAYORISTA,156.91,0.6,156.02,156.91,156.91,156.91,,,,,2022-10-31,19:59,156.91,1667185200,0
DOLAR MAYORISTA,157.28,0.2,156.91,157.28,157.28,157.28,,,,,2022-11-01,19:59,157.28,1667271600,0
DOLAR MAYORISTA,157.6,0.2,157.28,157.6,157.6,157.6,,,,,2022-11-02,19:59,157.6,1667358000,0
DOLAR MAYORISTA,157.92,0.2,157.6,157.92,157.92,157.92,,,,,2022-11-03,19:59,157.92,1667444400,0
DOLAR MAYORISTA,158.28,0.2,157.92,158.28,158.28,158.28,,,,,2022-11-04,19:59,158.28,1667530800,0
DOLAR MAYORISTA,159.37,0.7,158.28,159.37,159.37,159.37,,,,,2022-11-07,19:59,159.37,1667790000,0
DOLAR MAYORISTA,159.71,0.2,159.37,159.71,159.71,159.71,,,,,2022-11-08,19:59,159.71,1667876400,0
DOLAR MAYORISTA,160.02,0.2,159.71,160.02,160.02,160.02,,,,,2022-11-09,19:59,160.02,1667962800,0
DOLAR MAYORISTA,160.39,0.2,160.02,160.39,160.39,160.39,,,,,2022-11-10,19:59,160.39,1668049200,0
